x,y,z,old_flag,new_flag
280.64,129.49,0.0,0,0
279.64,129.49,0.0,0,0
278.64,129.49,0.0,0,0
277.64,129.49,0.0,0,0
276.64,129.49,0.0,0,0
275.64,129.49,0.0,0,0
274.64,129.49,0.0,0,0
273.64,129.49,0.0,0,0
272.64,129.49,0.0,0,0
271.64,129.49,0.0,0,0
270.64,129.49,0.0,0,0
269.64,129.49,0.0,0,0
268.64,129.49,0.0,0,0
267.64,129.49,0.0,0,0
266.64,129.49,0.0,0,0
265.64,129.49,0.0,0,0
264.64,129.49,0.0,0,0
263.64,129.49,0.0,0,0
262.64,129.49,0.0,0,0
261.64,129.49,0.0,0,0
260.64,129.49,0.0,0,0
259.64,129.49,0.0,0,0
258.64,129.49,0.0,0,0
257.64,129.48,0.0,0,0
256.64,129.48,0.0,0,0
255.64,129.48,0.0,0,0
254.64,129.48,0.0,0,0
253.64,129.48,0.0,0,0
252.64,129.48,0.0,0,0
251.64,129.48,0.0,0,0
250.64,129.48,0.0,0,0
249.64,129.48,0.0,0,0
248.64,129.48,0.0,0,0
247.64,129.48,0.0,0,0
246.64,129.48,0.0,0,0
245.64,129.48,0.0,0,0
244.64,129.48,0.0,0,0
243.64,129.48,0.0,0,0
242.64,129.48,0.0,0,0
241.64,129.48,0.0,0,0
240.64,129.48,0.0,0,0
239.64,129.48,0.0,0,0
238.64,129.48,0.0,0,0
237.64,129.48,0.0,0,0
236.64,129.48,0.0,0,0
235.64,129.47,0.0,0,0
234.64,129.47,0.0,0,0
233.64,129.47,0.0,0,0
232.64,129.47,0.0,0,0
231.64,129.47,0.0,0,0
230.64,129.47,0.0,0,0
229.64,129.47,0.0,0,0
228.64,129.47,0.0,0,0
227.64,129.47,0.0,0,0
226.64,129.47,0.0,0,0
225.64,129.47,0.0,0,0
224.64,129.47,0.0,0,0
223.64,129.47,0.0,0,0
222.64,129.47,0.0,0,0
221.64,129.47,0.0,0,0
220.64,129.47,0.0,0,0
219.64,129.47,0.0,0,0
218.64,129.47,0.0,0,0
217.64,129.47,0.0,0,0
216.64,129.47,0.0,0,0
215.64,129.47,0.0,0,0
214.64,129.47,0.0,0,0
213.64,129.47,0.0,0,0
212.64,129.46,0.0,0,0
211.64,129.46,0.0,0,0
210.64,129.46,0.0,0,0
209.64,129.46,0.0,0,0
208.64,129.46,0.0,0,0
207.64,129.46,0.0,0,0
206.64,129.46,0.0,0,0
205.64,129.46,0.0,0,0
204.64,129.46,0.0,0,0
203.64,129.46,0.0,0,0
202.64,129.46,0.0,0,0
201.64,129.46,0.0,0,0
200.64,129.46,0.0,0,0
199.64,129.46,0.0,0,0
198.64,129.46,0.0,0,0
197.64,129.46,0.0,0,0
196.64,129.46,0.0,0,0
195.64,129.46,0.0,0,0
194.64,129.46,0.0,0,0
193.64,129.46,0.0,0,0
192.64,129.46,0.0,0,0
191.64,129.46,0.0,0,0
190.64,129.45,0.0,0,0
189.64,129.45,0.0,0,0
188.64,129.45,0.0,0,0
187.64,129.45,0.0,0,0
186.64,129.45,0.0,0,0
185.64,129.45,0.0,0,0
184.64,129.45,0.0,0,0
183.64,129.45,0.0,0,0
182.64,129.45,0.0,0,0
181.64,129.45,0.0,0,0
180.64,129.45,0.0,0,0
179.64,129.45,0.0,0,0
178.64,129.45,0.0,0,0
177.64,129.45,0.0,0,0
176.64,129.45,0.0,0,0
175.64,129.45,0.0,0,0
174.64,129.45,0.0,0,0
173.64,129.45,0.0,0,0
172.64,129.45,0.0,0,0
171.64,129.45,0.0,0,0
170.64,129.45,0.0,0,0
169.64,129.45,0.0,0,0
168.64,129.44,0.0,0,0
167.64,129.44,0.0,0,0
166.64,129.44,0.0,0,0
165.64,129.44,0.0,0,0
164.64,129.44,0.0,0,0
163.64,129.44,0.0,0,0
162.64,129.44,0.0,0,0
160.64,129.44,0.0,0,0
159.64,129.44,0.0,0,0
158.64,129.44,0.0,0,0
157.64,129.44,0.0,0,0
156.64,129.44,0.0,0,0
155.64,129.44,0.0,0,0
154.64,129.44,0.0,0,0
153.64,129.44,0.0,0,0
152.64,129.44,0.0,0,0
151.64,129.44,0.0,0,0
150.64,129.44,0.0,0,0
149.64,129.44,0.0,0,0
148.64,129.44,0.0,0,0
147.64,129.44,0.0,0,0
146.64,129.44,0.0,0,0
145.64,129.43,0.0,0,0
144.64,129.43,0.0,0,0
143.64,129.43,0.0,0,0
142.64,129.43,0.0,0,0
141.64,129.43,0.0,0,0
140.64,129.43,0.0,0,0
139.64,129.43,0.0,0,0
138.64,129.43,0.0,0,0
137.64,129.43,0.0,0,0
136.64,129.43,0.0,0,0
135.64,129.43,0.0,0,0
134.64,129.43,0.0,0,0
133.64,129.43,0.0,0,0
132.64,129.43,0.0,0,0
131.64,129.43,0.0,0,0
130.64,129.43,0.0,0,0
129.64,129.43,0.0,0,0
128.64,129.43,0.0,0,0
127.64,129.43,0.0,0,0
126.64,129.43,0.0,0,0
125.64,129.43,0.0,0,0
124.64,129.43,0.0,0,0
123.64,129.42,0.0,0,0
122.64,129.42,0.0,0,0
121.64,129.42,0.0,0,0
120.64,129.42,0.0,0,0
119.64,129.42,0.0,0,0
118.64,129.42,0.0,0,0
117.64,129.42,0.0,0,0
116.64,129.42,0.0,0,0
115.64,129.42,0.0,0,0
114.64,129.42,0.0,0,0
113.64,129.42,0.0,0,0
112.64,129.42,0.0,0,0
111.64,129.42,0.0,0,0
110.64,129.42,0.0,0,0
109.64,129.42,0.0,0,0
108.64,129.42,0.0,0,0
107.64,129.42,0.0,0,0
106.64,129.42,0.0,0,0
105.64,129.42,0.0,0,0
104.64,129.42,0.0,0,0
103.64,129.42,0.0,0,0
102.64,129.42,0.0,0,0
101.42,129.41,0.0,0,0
101.42,129.41,0.0,0,0
100.42,129.41,0.0,0,0
99.42,129.41,0.0,0,0
98.42,129.41,0.0,0,0
97.26,129.44,0.0,0,0
96.02,129.62,0.0,0,0
94.81,129.95,0.0,0,0
93.66,130.44,0.0,0,0
92.57,131.06,0.0,0,0
91.58,131.82,0.0,0,0
90.67,132.72,0.0,0,0
89.9,133.73,0.0,0,0
89.27,134.85,0.0,0,0
88.81,136.04,0.0,0,0
88.51,137.28,0.0,0,0
88.39,138.55,0.0,0,0
88.39,139.6,0.0,0,0
88.39,140.6,0.0,0,0
88.39,141.84,0.0,0,0
88.39,141.84,0.0,0,0
88.39,142.84,0.0,0,0
88.39,143.84,0.0,0,0
88.39,144.84,0.0,0,0
88.39,145.84,0.0,0,0
88.39,146.84,0.0,0,0
88.39,147.84,0.0,0,0
88.39,148.84,0.0,0,0
88.39,149.84,0.0,0,0
88.39,150.84,0.0,0,0
88.39,151.84,0.0,0,0
88.39,152.84,0.0,0,0
88.39,153.84,0.0,0,0
88.39,154.84,0.0,0,0
88.39,155.84,0.0,0,0
88.39,156.84,0.0,0,0
88.39,157.84,0.0,0,0
88.39,158.84,0.0,0,0
88.39,159.84,0.0,0,0
88.39,160.84,0.0,0,0
88.39,161.84,0.0,0,0
88.39,162.84,0.0,0,0
88.39,163.84,0.0,0,0
88.4,164.84,0.0,0,0
88.4,165.84,0.0,0,0
88.4,166.84,0.0,0,0
88.4,167.84,0.0,0,0
88.4,168.84,0.0,0,0
88.4,169.84,0.0,0,0
88.4,170.84,0.0,0,0
88.4,171.84,0.0,0,0
88.4,172.84,0.0,0,0
88.4,173.84,0.0,0,0
88.4,174.84,0.0,0,0
88.4,175.84,0.0,0,0
88.4,176.84,0.0,0,0
88.4,177.84,0.0,0,0
88.4,178.84,0.0,0,0
88.4,179.84,0.0,0,0
88.4,180.84,0.0,0,0
88.4,181.84,0.0,0,0
88.4,182.84,0.0,0,0
88.4,183.84,0.0,0,0
88.4,184.84,0.0,0,0
88.4,186.33,0.0,0,0
88.4,186.33,0.0,0,0
88.4,187.33,0.0,0,0
88.4,188.33,0.0,0,0
88.4,189.33,0.0,0,0
88.4,190.33,0.0,0,0
88.4,191.33,0.0,0,0
88.4,192.33,0.0,0,0
88.4,193.33,0.0,0,0
88.4,194.33,0.0,0,0
88.4,195.33,0.0,0,0
88.4,196.33,0.0,0,0
88.4,197.33,0.0,0,0
88.4,198.33,0.0,0,0
88.4,199.33,0.0,0,0
88.4,200.33,0.0,0,0
88.4,201.33,0.0,0,0
88.4,202.33,0.0,0,0
88.4,203.33,0.0,0,0
88.4,204.33,0.0,0,0
88.4,205.33,0.0,0,0
88.4,206.33,0.0,0,0
88.4,208.33,0.0,0,0
88.4,208.33,0.0,0,0
88.4,209.33,0.0,0,0
88.4,210.33,0.0,0,0
88.4,211.33,0.0,0,0
88.4,212.33,0.0,0,0
88.4,213.33,0.0,0,0
88.4,214.33,0.0,0,0
88.4,215.33,0.0,0,0
88.4,216.33,0.0,0,0
88.4,217.33,0.0,0,0
88.4,218.33,0.0,0,0
88.4,219.33,0.0,0,0
88.4,220.33,0.0,0,0
88.4,221.33,0.0,0,0
88.4,222.33,0.0,0,0
88.4,223.33,0.0,0,0
88.4,224.33,0.0,0,0
88.4,225.33,0.0,0,0
88.4,226.33,0.0,0,0
88.4,227.33,0.0,0,0
88.4,228.33,0.0,0,0
88.4,229.33,0.0,0,0
88.41,230.33,0.0,0,0
88.41,231.33,0.0,0,0
88.41,232.33,0.0,0,0
88.41,233.33,0.0,0,0
88.41,234.33,0.0,0,0
88.41,235.33,0.0,0,0
88.41,236.33,0.0,0,0
88.41,237.33,0.0,0,0
88.41,238.33,0.0,0,0
88.41,239.33,0.0,0,0
88.41,240.33,0.0,0,0
88.41,241.33,0.0,0,0
88.41,242.33,0.0,0,0
88.41,243.33,0.0,0,0
88.41,244.33,0.0,0,0
88.41,245.33,0.0,0,0
88.41,246.33,0.0,0,0
88.41,247.33,0.0,0,0
88.41,248.33,0.0,0,0
88.41,249.33,0.0,0,0
88.41,250.33,0.0,0,0
88.41,251.33,0.0,0,0
88.41,252.33,0.0,0,0
88.41,253.33,0.0,0,0
88.41,254.33,0.0,0,0
88.41,255.33,0.0,0,0
88.41,256.33,0.0,0,0
88.41,257.33,0.0,0,0
88.41,258.33,0.0,0,0
88.41,259.33,0.0,0,0
88.41,260.33,0.0,0,0
88.41,261.33,0.0,0,0
88.41,262.33,0.0,0,0
88.41,263.33,0.0,0,0
88.41,264.33,0.0,0,0
88.41,265.33,0.0,0,0
88.41,266.33,0.0,0,0
88.41,267.33,0.0,0,0
88.41,268.33,0.0,0,0
88.41,269.33,0.0,0,0
88.41,270.33,0.0,0,0
88.41,271.33,0.0,0,0
88.41,272.33,0.0,0,0
88.41,273.33,0.0,0,0
88.41,274.33,0.0,0,0
88.41,275.33,0.0,0,0
88.41,276.33,0.0,0,0
88.41,277.33,0.0,0,0
88.41,278.33,0.0,0,0
88.41,279.33,0.0,0,0
88.41,280.33,0.0,0,0
88.41,281.33,0.0,0,0
88.41,282.33,0.0,0,0
88.41,283.33,0.0,0,0
88.41,284.33,0.0,0,0
88.41,285.33,0.0,0,0
88.41,286.33,0.0,0,0
88.41,287.33,0.0,0,0
88.41,288.33,0.0,0,0
88.41,289.33,0.0,0,0
88.41,290.33,0.0,0,0
88.41,291.33,0.0,0,0
88.41,292.33,0.0,0,0
88.41,293.33,0.0,0,0
88.41,294.33,0.0,0,0
88.41,295.33,0.0,0,0
88.42,296.33,0.0,0,0
88.42,297.33,0.0,0,0
88.42,298.33,0.0,0,0
88.42,299.33,0.0,0,0
88.42,300.33,0.0,0,0
88.42,301.33,0.0,0,0
88.42,302.33,0.0,0,0
88.42,303.33,0.0,0,0
88.42,304.33,0.0,0,0
88.42,305.33,0.0,0,0
88.42,306.33,0.0,0,0
88.42,307.33,0.0,0,0
88.42,308.33,0.0,0,0
88.42,309.33,0.0,0,0
88.42,310.33,0.0,0,0
88.42,311.33,0.0,0,0
88.42,312.33,0.0,0,0
88.42,313.33,0.0,0,0
88.42,314.33,0.0,0,0
88.42,315.33,0.0,0,0
88.42,317.3,0.0,0,0
88.42,317.3,0.0,0,0
88.45,318.44,0.0,0,0
88.59,319.61,0.0,0,0
88.83,320.77,0.0,0,0
89.18,321.9,0.0,0,0
89.62,322.99,0.0,0,0
90.16,324.04,0.0,0,0
90.79,325.03,0.0,0,0
91.51,325.97,0.0,0,0
92.31,326.83,0.0,0,0
93.19,327.63,0.0,0,0
94.13,328.34,0.0,0,0
95.14,328.96,0.0,0,0
96.2,329.48,0.0,0,0
97.3,329.91,0.0,0,0
98.43,330.24,0.0,0,0
99.6,330.46,0.0,0,0
101.62,330.59,0.0,0,1
101.62,330.59,0.0,0,1
102.62,330.59,0.0,0,1
103.62,330.59,0.0,0,1
104.62,330.59,0.0,0,1
105.62,330.59,0.0,0,1
106.62,330.59,0.0,0,1
107.62,330.59,0.0,0,1
108.62,330.59,0.0,0,1
109.62,330.59,0.0,0,1
110.62,330.59,0.0,0,1
111.62,330.59,0.0,0,1
112.62,330.59,0.0,0,1
113.62,330.59,0.0,0,1
114.62,330.59,0.0,0,1
115.62,330.59,0.0,0,1
116.62,330.59,0.0,0,1
117.62,330.59,0.0,0,1
118.62,330.59,0.0,0,1
119.62,330.59,0.0,0,1
120.62,330.59,0.0,0,1
121.62,330.59,0.0,0,1
122.62,330.59,0.0,0,1
123.62,330.59,0.0,0,1
124.62,330.59,0.0,0,1
125.62,330.59,0.0,0,1
126.62,330.59,0.0,0,1
127.62,330.59,0.0,0,1
128.62,330.59,0.0,0,1
129.62,330.59,0.0,0,1
130.62,330.59,0.0,0,1
131.62,330.59,0.0,0,1
132.62,330.59,0.0,0,1
133.62,330.59,0.0,0,1
134.62,330.59,0.0,0,1
135.62,330.59,0.0,0,1
136.62,330.59,0.0,0,1
137.62,330.59,0.0,0,1
138.62,330.59,0.0,0,1
139.62,330.59,0.0,0,1
140.62,330.59,0.0,0,1
141.62,330.59,0.0,0,1
142.62,330.59,0.0,0,1
143.62,330.59,0.0,0,1
144.62,330.59,0.0,0,1
145.62,330.59,0.0,0,1
146.62,330.59,0.0,0,1
147.62,330.59,0.0,0,1
148.62,330.59,0.0,0,1
149.62,330.59,0.0,0,1
150.62,330.6,0.0,0,1
151.62,330.6,0.0,0,1
152.62,330.6,0.0,0,1
153.62,330.6,0.0,0,1
154.62,330.6,0.0,0,1
155.62,330.6,0.0,0,1
156.62,330.6,0.0,0,1
157.62,330.6,0.0,0,1
158.62,330.6,0.0,0,1
159.62,330.6,0.0,0,1
160.62,330.6,0.0,0,1
162.121735,330.46767,0.0,1,1
163.190511,330.439482,0.0,0,1
164.26237,330.40633,0.0,0,1
165.336008,330.36749,0.0,0,1
166.409755,330.322124,0.0,0,1
167.481529,330.269248,0.0,0,1
168.548759,330.207689,0.0,0,1
169.608257,330.13604,0.0,0,1
170.656021,330.05262,0.0,0,1
171.68689,329.955485,0.0,0,1
172.693997,329.842588,0.0,0,1
173.667978,329.712356,0.0,0,1
174.596091,329.565209,0.0,0,1
175.462198,329.406946,0.0,0,1
176.250486,329.254426,0.0,0,1
177.610788,329.101405,0.0,0,1
178.265585,329.144511,0.0,0,1
178.976825,329.262442,0.0,0,1
179.769817,329.416251,0.0,0,1
180.640014,329.574446,0.0,0,1
181.571325,329.720919,0.0,0,1
182.547713,329.850295,0.0,0,1
183.556609,329.962335,0.0,0,1
184.58879,330.058679,0.0,0,1
185.637492,330.141386,0.0,0,1
186.697624,330.212398,0.0,0,1
187.765235,330.273386,0.0,0,1
188.83718,330.32575,0.0,0,1
189.91092,330.370655,0.0,0,1
190.984404,330.40908,0.0,0,1
192.055992,330.441858,0.0,0,1
193.62,330.6,0.0,0,1
194.62,330.6,0.0,0,1
195.62,330.6,0.0,0,1
196.62,330.6,0.0,0,1
197.62,330.6,0.0,0,1
198.62,330.6,0.0,0,1
199.62,330.6,0.0,0,1
200.62,330.6,0.0,0,1
201.62,330.6,0.0,0,1
202.62,330.6,0.0,0,1
203.62,330.6,0.0,0,1
204.62,330.6,0.0,0,1
205.62,330.6,0.0,0,1
206.62,330.6,0.0,0,1
207.62,330.6,0.0,0,1
208.62,330.6,0.0,0,1
209.62,330.6,0.0,0,1
210.62,330.6,0.0,0,1
211.62,330.6,0.0,0,1
212.62,330.6,0.0,0,1
213.62,330.6,0.0,0,1
214.62,330.6,0.0,0,1
215.62,330.6,0.0,0,1
216.62,330.6,0.0,0,1
217.62,330.6,0.0,0,1
218.62,330.6,0.0,0,1
219.62,330.6,0.0,0,1
220.62,330.6,0.0,0,1
221.62,330.6,0.0,0,1
222.62,330.6,0.0,0,1
223.62,330.6,0.0,0,1
224.62,330.6,0.0,0,1
225.62,330.6,0.0,0,1
226.62,330.6,0.0,0,1
227.62,330.6,0.0,0,1
228.62,330.6,0.0,0,1
229.62,330.6,0.0,0,1
230.62,330.6,0.0,0,1
231.62,330.6,0.0,0,1
232.62,330.6,0.0,0,1
233.62,330.6,0.0,0,1
234.62,330.6,0.0,0,1
235.62,330.6,0.0,0,1
236.62,330.6,0.0,0,1
237.62,330.6,0.0,0,1
238.62,330.6,0.0,0,1
239.62,330.6,0.0,0,1
240.62,330.6,0.0,0,1
241.62,330.6,0.0,0,1
242.62,330.6,0.0,0,1
243.62,330.6,0.0,0,1
244.62,330.61,0.0,0,1
245.62,330.61,0.0,0,1
246.62,330.61,0.0,0,1
247.62,330.61,0.0,0,1
248.62,330.61,0.0,0,1
249.62,330.61,0.0,0,1
250.62,330.61,0.0,0,1
251.62,330.61,0.0,0,1
252.62,330.61,0.0,0,1
253.62,330.61,0.0,0,1
254.62,330.61,0.0,0,1
255.62,330.61,0.0,0,1
256.62,330.61,0.0,0,1
257.62,330.61,0.0,0,1
258.62,330.61,0.0,0,1
259.62,330.61,0.0,0,1
260.62,330.61,0.0,0,1
261.62,330.61,0.0,0,1
262.62,330.61,0.0,0,1
263.62,330.61,0.0,0,1
264.62,330.61,0.0,0,1
265.62,330.61,0.0,0,1
266.62,330.61,0.0,0,1
267.62,330.61,0.0,0,1
268.62,330.61,0.0,0,1
269.62,330.61,0.0,0,1
270.62,330.61,0.0,0,1
271.62,330.61,0.0,0,1
272.62,330.61,0.0,0,1
273.62,330.61,0.0,0,1
274.62,330.61,0.0,0,1
275.62,330.61,0.0,0,1
276.62,330.61,0.0,0,1
277.62,330.61,0.0,0,1
278.62,330.61,0.0,0,1
279.62,330.61,0.0,0,1
280.62,330.61,0.0,0,1
281.62,330.61,0.0,0,1
282.62,330.61,0.0,0,1
283.62,330.61,0.0,0,1
284.62,330.61,0.0,0,1
285.62,330.61,0.0,0,1
286.62,330.61,0.0,0,1
287.62,330.61,0.0,0,1
288.62,330.61,0.0,0,1
289.62,330.61,0.0,0,1
290.62,330.61,0.0,0,1
291.62,330.61,0.0,0,1
292.62,330.61,0.0,0,1
293.62,330.61,0.0,0,1
294.62,330.61,0.0,0,1
295.62,330.61,0.0,0,1
296.62,330.61,0.0,0,1
297.62,330.61,0.0,0,1
298.62,330.61,0.0,0,1
299.62,330.61,0.0,0,1
300.62,330.61,0.0,0,1
301.62,330.61,0.0,0,1
302.62,330.61,0.0,0,1
303.62,330.61,0.0,0,1
304.62,330.61,0.0,0,1
305.62,330.61,0.0,0,1
306.62,330.61,0.0,0,1
307.62,330.61,0.0,0,1
308.62,330.61,0.0,0,1
309.62,330.61,0.0,0,1
310.62,330.61,0.0,0,1
311.62,330.61,0.0,0,1
312.62,330.61,0.0,0,1
313.62,330.61,0.0,0,1
314.62,330.61,0.0,0,1
315.62,330.61,0.0,0,1
316.62,330.61,0.0,0,1
317.62,330.61,0.0,0,1
318.62,330.61,0.0,0,1
319.62,330.61,0.0,0,1
320.62,330.61,0.0,0,1
321.62,330.61,0.0,0,1
322.62,330.61,0.0,0,1
323.62,330.61,0.0,0,1
324.62,330.61,0.0,0,1
325.72,330.61,0.0,0,0
325.72,330.61,0.0,0,0
326.72,330.61,0.0,0,0
327.72,330.61,0.0,0,0
328.73,330.61,0.0,0,0
329.98,330.52,0.0,0,0
331.21,330.28,0.0,0,0
332.4,329.88,0.0,0,0
333.53,329.33,0.0,0,0
334.58,328.65,0.0,0,0
335.53,327.83,0.0,0,0
336.37,326.91,0.0,0,0
337.09,325.91,0.0,0,0
337.68,324.83,0.0,0,0
338.14,323.69,0.0,0,0
338.47,322.5,0.0,0,0
338.66,321.28,0.0,0,0
338.71,320.09,0.0,0,0
338.71,319.09,0.0,0,0
338.71,317.45,0.0,0,0
338.71,317.45,0.0,0,0
338.71,316.45,0.0,0,0
338.71,315.45,0.0,0,0
338.71,314.45,0.0,0,0
338.71,313.45,0.0,0,0
338.71,312.45,0.0,0,0
338.71,311.45,0.0,0,0
338.71,310.45,0.0,0,0
338.71,309.45,0.0,0,0
338.71,308.45,0.0,0,0
338.71,307.45,0.0,0,0
338.71,306.45,0.0,0,0
338.72,305.45,0.0,0,0
338.72,304.45,0.0,0,0
338.72,303.45,0.0,0,0
338.72,302.45,0.0,0,0
338.72,301.45,0.0,0,0
338.72,300.45,0.0,0,0
338.72,299.45,0.0,0,0
338.72,298.45,0.0,0,0
338.72,297.45,0.0,0,0
338.72,296.45,0.0,0,0
338.72,295.45,0.0,0,0
338.72,294.45,0.0,0,0
338.72,293.45,0.0,0,0
338.72,292.45,0.0,0,0
338.72,291.45,0.0,0,0
338.72,290.45,0.0,0,0
338.73,289.45,0.0,0,0
338.73,288.45,0.0,0,0
338.73,287.45,0.0,0,0
338.73,286.45,0.0,0,0
338.73,285.45,0.0,0,0
338.73,284.45,0.0,0,0
338.73,283.45,0.0,0,0
338.73,282.45,0.0,0,0
338.73,281.45,0.0,0,0
338.73,280.45,0.0,0,0
338.73,279.45,0.0,0,0
338.73,278.45,0.0,0,0
338.73,277.45,0.0,0,0
338.73,276.45,0.0,0,0
338.73,275.45,0.0,0,0
338.73,274.45,0.0,0,0
338.73,273.45,0.0,0,0
338.74,272.45,0.0,0,0
338.74,271.45,0.0,0,0
338.74,270.45,0.0,0,0
338.74,269.45,0.0,0,0
338.74,268.45,0.0,0,0
338.74,267.45,0.0,0,0
338.74,266.45,0.0,0,0
338.74,265.45,0.0,0,0
338.74,264.45,0.0,0,0
338.74,263.45,0.0,0,0
338.74,262.45,0.0,0,0
338.74,261.45,0.0,0,0
338.74,260.45,0.0,0,0
338.74,258.45,0.0,0,0
338.74,257.45,0.0,0,0
338.75,256.45,0.0,0,0
338.75,255.45,0.0,0,0
338.75,254.45,0.0,0,0
338.75,253.45,0.0,0,0
338.75,252.45,0.0,0,0
338.75,251.45,0.0,0,0
338.75,250.45,0.0,0,0
338.75,249.45,0.0,0,0
338.75,248.45,0.0,0,0
338.75,247.45,0.0,0,0
338.75,246.45,0.0,0,0
338.75,245.45,0.0,0,0
338.75,244.45,0.0,0,0
338.75,243.45,0.0,0,0
338.75,242.45,0.0,0,0
338.75,241.45,0.0,0,0
338.75,240.45,0.0,0,0
338.76,239.45,0.0,0,0
338.76,238.45,0.0,0,0
338.76,237.45,0.0,0,0
338.76,236.45,0.0,0,0
338.76,235.45,0.0,0,0
338.76,234.45,0.0,0,0
338.76,233.45,0.0,0,0
338.76,232.45,0.0,0,0
338.76,231.45,0.0,0,0
338.76,230.45,0.0,0,0
338.76,229.45,0.0,0,0
338.76,228.45,0.0,0,0
338.76,227.45,0.0,0,0
338.76,226.45,0.0,0,0
338.76,225.45,0.0,0,0
338.76,224.45,0.0,0,0
338.76,223.45,0.0,0,0
338.77,222.45,0.0,0,0
338.77,221.45,0.0,0,0
338.77,220.45,0.0,0,0
338.77,219.45,0.0,0,0
338.77,218.45,0.0,0,0
338.77,217.45,0.0,0,0
338.77,216.45,0.0,0,0
338.77,215.45,0.0,0,0
338.77,214.45,0.0,0,0
338.77,213.45,0.0,0,0
338.77,212.45,0.0,0,0
338.77,211.45,0.0,0,0
338.77,210.45,0.0,0,0
338.77,209.16,0.0,0,0
338.77,209.16,0.0,0,0
338.77,208.16,0.0,0,0
338.77,207.16,0.0,0,0
338.78,206.16,0.0,0,0
338.78,205.16,0.0,0,0
338.78,204.16,0.0,0,0
338.78,203.16,0.0,0,0
338.78,202.16,0.0,0,0
338.78,201.16,0.0,0,0
338.78,200.16,0.0,0,0
338.78,199.16,0.0,0,0
338.78,198.16,0.0,0,0
338.78,197.16,0.0,0,0
338.78,196.16,0.0,0,0
338.78,195.16,0.0,0,0
338.78,194.16,0.0,0,0
338.78,193.16,0.0,0,0
338.78,192.16,0.0,0,0
338.78,191.16,0.0,0,0
338.79,190.16,0.0,0,0
338.79,189.16,0.0,0,0
338.79,188.16,0.0,0,0
338.79,187.16,0.0,0,0
338.79,185.65,0.0,0,0
338.79,185.65,0.0,0,0
338.79,184.65,0.0,0,0
338.79,183.65,0.0,0,0
338.79,182.65,0.0,0,0
338.79,181.65,0.0,0,0
338.79,180.65,0.0,0,0
338.79,179.65,0.0,0,0
338.79,178.65,0.0,0,0
338.79,177.65,0.0,0,0
338.660309,176.125055,0.0,1,0
338.632754,175.054469,0.0,0,0
338.600303,173.980965,0.0,0,0
338.57166,172.906076,0.0,0,0
338.526921,171.831243,0.0,0,0
338.474551,170.758754,0.0,0,0
338.413229,169.691276,0.0,0,0
338.34131,168.63214,0.0,0,0
338.256755,167.585602,0.0,0,0
338.15709,166.557306,0.0,0,0
338.039554,165.555049,0.0,0,0
337.901797,164.589983,0.0,0,0
337.743997,163.678026,0.0,0,0
337.573974,162.839964,0.0,0,0
337.415934,162.095026,0.0,0,0
337.310571,160.826467,0.0,0,0
337.401473,160.178932,0.0,0,0
337.554467,159.444567,0.0,0,0
337.723297,158.616513,0.0,0,0
337.890436,157.711534,0.0,0,0
338.029606,156.753042,0.0,0,0
338.148797,155.75586,0.0,0,0
338.250126,154.731425,0.0,0,0
338.336275,153.687744,0.0,0,0
338.409695,152.630609,0.0,0,0
338.472427,151.564389,0.0,0,0
338.526113,150.492509,0.0,0,0
338.572081,149.417722,0.0,0,0
338.611408,148.342268,0.0,0,0
338.644987,147.26796,0.0,0,0
338.673575,146.196244,0.0,0,0
338.81,143.67,0.0,0,0
338.81,143.67,0.0,0,0
338.81,142.67,0.0,0,0
338.81,141.67,0.0,0,0
338.81,140.67,0.0,0,0
338.82,139.67,0.0,0,0
338.82,138.67,0.0,0,0
338.82,137.67,0.0,0,0
338.82,136.67,0.0,0,0
338.82,135.67,0.0,0,0
338.82,134.67,0.0,0,0
338.82,133.67,0.0,0,0
338.82,132.67,0.0,0,0
338.82,131.67,0.0,0,0
338.82,130.67,0.0,0,0
338.82,129.67,0.0,0,0
338.82,128.67,0.0,0,0
338.82,127.67,0.0,0,0
338.82,126.67,0.0,0,0
338.82,125.67,0.0,0,0
338.82,124.67,0.0,0,0
338.83,123.67,0.0,0,0
338.83,122.67,0.0,0,0
338.83,121.67,0.0,0,0
338.83,120.58,0.0,0,0
338.83,120.58,0.0,0,0
338.83,119.58,0.0,0,0
338.83,118.58,0.0,0,0
338.83,117.58,0.0,0,0
338.83,116.58,0.0,0,0
338.83,115.58,0.0,0,0
338.83,114.58,0.0,0,0
338.83,113.58,0.0,0,0
338.83,112.58,0.0,0,0
338.83,111.58,0.0,0,0
338.83,110.58,0.0,0,0
338.83,109.58,0.0,0,0
338.83,108.58,0.0,0,0
338.83,107.58,0.0,0,0
338.84,106.58,0.0,0,0
338.84,105.58,0.0,0,0
338.84,104.58,0.0,0,0
338.84,103.58,0.0,0,0
338.84,102.58,0.0,0,0
338.84,101.58,0.0,0,0
338.84,100.58,0.0,0,0
338.84,99.58,0.0,0,0
338.84,98.58,0.0,0,0
338.84,97.58,0.0,0,0
338.84,96.58,0.0,0,0
338.84,95.58,0.0,0,0
338.84,94.58,0.0,0,0
338.84,93.58,0.0,0,0
338.84,92.58,0.0,0,0
338.84,91.58,0.0,0,0
338.85,90.58,0.0,0,0
338.85,89.58,0.0,0,0
338.85,88.58,0.0,0,0
338.85,87.58,0.0,0,0
338.85,86.58,0.0,0,0
338.85,85.58,0.0,0,0
338.85,84.58,0.0,0,0
338.85,83.58,0.0,0,0
338.85,82.58,0.0,0,0
338.85,81.58,0.0,0,0
338.85,80.58,0.0,0,0
338.85,79.58,0.0,0,0
338.85,78.58,0.0,0,0
338.85,77.58,0.0,0,0
338.85,76.58,0.0,0,0
338.85,75.58,0.0,0,0
338.85,74.58,0.0,0,0
338.86,73.58,0.0,0,0
338.86,72.58,0.0,0,0
338.86,71.58,0.0,0,0
338.86,70.58,0.0,0,0
338.86,69.03,0.0,0,0
338.86,69.03,0.0,0,0
338.86,68.03,0.0,0,0
338.86,67.03,0.0,0,0
338.86,66.03,0.0,0,0
338.79,64.81,0.0,0,0
338.58,63.58,0.0,0,0
338.21,62.39,0.0,0,0
337.7,61.25,0.0,0,0
337.06,60.19,0.0,0,0
336.28,59.21,0.0,0,0
335.4,58.33,0.0,0,0
334.45,57.59,0.0,0,0
333.43,56.94,0.0,0,0
332.34,56.41,0.0,0,0
331.21,55.99,0.0,0,0
330.04,55.69,0.0,0,0
328.84,55.52,0.0,0,0
327.66,55.47,0.0,0,0
326.66,55.47,0.0,0,0
325.16,55.47,0.0,0,0
325.16,55.47,0.0,0,0
324.16,55.47,0.0,0,0
323.16,55.47,0.0,0,0
322.16,55.47,0.0,0,0
321.16,55.47,0.0,0,0
320.16,55.47,0.0,0,0
319.16,55.47,0.0,0,0
318.16,55.47,0.0,0,0
317.16,55.47,0.0,0,0
316.16,55.47,0.0,0,0
315.16,55.47,0.0,0,0
314.16,55.47,0.0,0,0
313.16,55.47,0.0,0,0
312.16,55.47,0.0,0,0
311.16,55.47,0.0,0,0
310.16,55.47,0.0,0,0
309.16,55.47,0.0,0,0
308.16,55.47,0.0,0,0
307.16,55.47,0.0,0,0
306.16,55.47,0.0,0,0
305.16,55.47,0.0,0,0
304.16,55.47,0.0,0,0
303.16,55.47,0.0,0,0
302.16,55.47,0.0,0,0
301.16,55.47,0.0,0,0
300.16,55.47,0.0,0,0
299.16,55.47,0.0,0,0
298.16,55.47,0.0,0,0
297.16,55.47,0.0,0,0
296.16,55.47,0.0,0,0
295.16,55.48,0.0,0,0
294.16,55.48,0.0,0,0
293.16,55.48,0.0,0,0
292.16,55.48,0.0,0,0
290.16,55.48,0.0,0,0
289.16,55.48,0.0,0,0
288.16,55.48,0.0,0,0
287.16,55.48,0.0,0,0
286.16,55.48,0.0,0,0
285.16,55.48,0.0,0,0
284.16,55.48,0.0,0,0
283.16,55.48,0.0,0,0
282.16,55.48,0.0,0,0
281.16,55.48,0.0,0,0
280.16,55.48,0.0,0,0
279.16,55.48,0.0,0,0
278.16,55.48,0.0,0,0
277.16,55.48,0.0,0,0
276.16,55.48,0.0,0,0
275.16,55.48,0.0,0,0
274.16,55.48,0.0,0,0
273.16,55.48,0.0,0,0
272.16,55.48,0.0,0,0
271.16,55.48,0.0,0,0
270.16,55.48,0.0,0,0
269.16,55.48,0.0,0,0
268.16,55.48,0.0,0,0
267.16,55.48,0.0,0,0
266.16,55.48,0.0,0,0
265.16,55.48,0.0,0,0
264.16,55.48,0.0,0,0
263.16,55.48,0.0,0,0
262.16,55.48,0.0,0,0
261.16,55.48,0.0,0,0
260.16,55.48,0.0,0,0
259.16,55.48,0.0,0,0
258.16,55.48,0.0,0,0
257.16,55.48,0.0,0,0
256.16,55.48,0.0,0,0
255.16,55.48,0.0,0,0
254.16,55.48,0.0,0,0
253.16,55.48,0.0,0,0
252.16,55.48,0.0,0,0
251.16,55.48,0.0,0,0
250.16,55.48,0.0,0,0
249.16,55.48,0.0,0,0
248.16,55.48,0.0,0,0
247.16,55.48,0.0,0,0
246.16,55.48,0.0,0,0
245.16,55.48,0.0,0,0
244.16,55.48,0.0,0,0
243.16,55.48,0.0,0,0
242.16,55.48,0.0,0,0
241.16,55.48,0.0,0,0
240.16,55.48,0.0,0,0
239.16,55.48,0.0,0,0
238.16,55.48,0.0,0,0
237.16,55.48,0.0,0,0
236.16,55.48,0.0,0,0
235.16,55.48,0.0,0,0
234.16,55.48,0.0,0,0
233.16,55.48,0.0,0,0
232.16,55.48,0.0,0,0
231.16,55.48,0.0,0,0
230.16,55.48,0.0,0,0
229.16,55.48,0.0,0,0
228.16,55.48,0.0,0,0
227.16,55.48,0.0,0,0
226.16,55.48,0.0,0,0
225.16,55.48,0.0,0,0
224.16,55.48,0.0,0,0
223.16,55.48,0.0,0,0
222.16,55.48,0.0,0,0
221.16,55.48,0.0,0,0
220.16,55.48,0.0,0,0
219.16,55.48,0.0,0,0
218.16,55.48,0.0,0,0
217.16,55.48,0.0,0,0
216.16,55.48,0.0,0,0
215.16,55.48,0.0,0,0
214.16,55.48,0.0,0,0
213.16,55.49,0.0,0,0
212.16,55.49,0.0,0,0
211.16,55.49,0.0,0,0
210.16,55.49,0.0,0,0
209.16,55.49,0.0,0,0
208.16,55.49,0.0,0,0
207.16,55.49,0.0,0,0
206.16,55.49,0.0,0,0
205.16,55.49,0.0,0,0
204.16,55.49,0.0,0,0
203.16,55.49,0.0,0,0
202.16,55.49,0.0,0,0
201.16,55.49,0.0,0,0
200.16,55.49,0.0,0,0
199.16,55.49,0.0,0,0
198.16,55.49,0.0,0,0
197.16,55.49,0.0,0,0
196.16,55.49,0.0,0,0
195.16,55.49,0.0,0,0
194.16,55.49,0.0,0,0
193.16,55.49,0.0,0,0
192.16,55.49,0.0,0,0
191.16,55.49,0.0,0,0
190.16,55.49,0.0,0,0
189.16,55.49,0.0,0,0
188.16,55.49,0.0,0,0
187.16,55.49,0.0,0,0
186.16,55.49,0.0,0,0
185.16,55.49,0.0,0,0
184.16,55.49,0.0,0,0
183.16,55.49,0.0,0,0
182.16,55.49,0.0,0,0
181.16,55.49,0.0,0,0
180.16,55.49,0.0,0,0
179.16,55.49,0.0,0,0
178.16,55.49,0.0,0,0
177.16,55.49,0.0,0,0
176.16,55.49,0.0,0,0
175.16,55.49,0.0,0,0
174.16,55.49,0.0,0,0
173.16,55.49,0.0,0,0
172.16,55.49,0.0,0,0
171.16,55.49,0.0,0,0
170.16,55.49,0.0,0,0
169.16,55.49,0.0,0,0
167.17,55.49,0.0,0,0
167.17,55.49,0.0,0,0
166.17,55.49,0.0,0,0
165.17,55.49,0.0,0,0
164.31,55.47,0.0,0,0
163.54,55.37,0.0,0,0
162.78,55.19,0.0,0,0
162.04,54.93,0.0,0,0
161.34,54.59,0.0,0,0
160.67,54.17,0.0,0,0
160.06,53.69,0.0,0,0
159.53,53.15,0.0,0,0
159.07,52.56,0.0,0,0
158.68,51.92,0.0,0,0
158.38,51.23,0.0,0,0
158.17,50.51,0.0,0,0
158.05,49.77,0.0,0,0
158.02,48.98,0.0,0,0
158.02,47.98,0.0,0,0
158.02,46.2,0.0,0,0
158.02,46.2,0.0,0,0
158.03,45.2,0.0,0,0
158.03,44.2,0.0,0,0
158.03,43.2,0.0,0,0
158.03,42.2,0.0,0,0
158.03,41.2,0.0,0,0
158.03,40.2,0.0,0,0
158.03,39.2,0.0,0,0
158.03,38.2,0.0,0,0
158.03,37.2,0.0,0,0
158.04,36.2,0.0,0,0
158.04,35.2,0.0,0,0
158.04,34.2,0.0,0,0
158.04,33.2,0.0,0,0
158.04,32.2,0.0,0,0
158.04,31.2,0.0,0,0
158.04,30.2,0.0,0,0
158.04,29.2,0.0,0,0
158.05,28.2,0.0,0,0
158.05,27.2,0.0,0,0
158.05,26.2,0.0,0,0
158.05,25.2,0.0,0,0
158.05,24.2,0.0,0,0
158.05,23.2,0.0,0,0
158.05,22.2,0.0,0,0
158.05,21.2,0.0,0,0
158.06,20.2,0.0,0,0
158.06,19.2,0.0,0,0
158.06,18.2,0.0,0,0
158.06,17.2,0.0,0,0
158.06,16.2,0.0,0,0
158.06,15.2,0.0,0,0
158.06,14.2,0.0,0,0
158.06,13.2,0.0,0,0
158.07,12.2,0.0,0,0
158.07,11.02,0.0,0,0
158.07,11.02,0.0,0,0
158.07,10.02,0.0,0,0
158.07,9.02,0.0,0,0
158.07,8.02,0.0,0,0
158.06,6.9,0.0,0,0
157.89,5.64,0.0,0,0
157.55,4.4,0.0,0,0
157.05,3.23,0.0,0,0
156.38,2.14,0.0,0,0
155.57,1.15,0.0,0,0
154.64,0.29,0.0,0,0
153.64,-0.43,0.0,0,0
152.56,-1.03,0.0,0,0
151.41,-1.49,0.0,0,0
150.22,-1.82,0.0,0,0
149.0,-2.0,0.0,0,0
147.82,-2.05,0.0,0,0
146.82,-2.05,0.0,0,0
144.96,-2.05,0.0,0,1
144.96,-2.05,0.0,0,1
143.96,-2.05,0.0,0,1
142.96,-2.05,0.0,0,1
141.96,-2.05,0.0,0,1
140.96,-2.05,0.0,0,1
139.96,-2.05,0.0,0,1
138.96,-2.05,0.0,0,1
137.96,-2.05,0.0,0,1
136.96,-2.05,0.0,0,1
135.96,-2.05,0.0,0,1
134.96,-2.05,0.0,0,1
133.96,-2.05,0.0,0,1
132.96,-2.05,0.0,0,1
131.96,-2.05,0.0,0,1
130.96,-2.05,0.0,0,1
129.96,-2.05,0.0,0,1
128.96,-2.05,0.0,0,1
127.96,-2.05,0.0,0,1
126.96,-2.05,0.0,0,1
125.96,-2.05,0.0,0,1
124.96,-2.05,0.0,0,1
123.96,-2.05,0.0,0,1
122.96,-2.05,0.0,0,1
121.96,-2.05,0.0,0,1
120.96,-2.05,0.0,0,1
119.96,-2.05,0.0,0,1
118.96,-2.05,0.0,0,1
117.96,-2.05,0.0,0,1
116.96,-2.05,0.0,0,1
115.96,-2.05,0.0,0,1
114.96,-2.05,0.0,0,1
113.96,-2.05,0.0,0,1
112.96,-2.05,0.0,0,1
111.96,-2.05,0.0,0,1
110.96,-2.05,0.0,0,1
109.96,-2.05,0.0,0,1
108.96,-2.05,0.0,0,1
107.96,-2.05,0.0,0,1
106.96,-2.05,0.0,0,1
105.96,-2.05,0.0,0,1
104.96,-2.05,0.0,0,1
103.96,-2.05,0.0,0,1
102.69,-2.05,0.0,0,1
102.69,-2.05,0.0,0,1
101.69,-2.05,0.0,0,1
100.69,-2.05,0.0,0,1
99.69,-2.05,0.0,0,1
98.69,-2.05,0.0,0,1
97.69,-2.05,0.0,0,1
96.69,-2.05,0.0,0,1
95.69,-2.05,0.0,0,1
94.69,-2.05,0.0,0,1
93.69,-2.05,0.0,0,1
92.69,-2.05,0.0,0,1
91.69,-2.05,0.0,0,1
90.69,-2.05,0.0,0,1
89.69,-2.05,0.0,0,1
88.69,-2.05,0.0,0,1
87.69,-2.04,0.0,0,1
86.69,-2.04,0.0,0,1
85.69,-2.04,0.0,0,1
84.69,-2.04,0.0,0,1
83.69,-2.04,0.0,0,1
82.69,-2.04,0.0,0,1
81.69,-2.04,0.0,0,1
80.69,-2.04,0.0,0,1
79.38,-2.04,0.0,0,1
79.38,-2.04,0.0,0,1
78.38,-2.04,0.0,0,1
77.38,-2.04,0.0,0,1
76.38,-2.04,0.0,0,1
74.856141,-1.90599,0.0,1,1
73.785839,-1.877651,0.0,0,1
72.712687,-1.844333,0.0,0,1
71.63806,-1.805293,0.0,0,1
70.563701,-1.759659,0.0,0,1
69.491776,-1.706392,0.0,0,1
68.424954,-1.644233,0.0,0,1
67.366552,-1.571641,0.0,0,1
66.320776,-1.486735,0.0,0,1
65.29313,-1.387293,0.0,0,1
64.291098,-1.270918,0.0,0,1
63.325153,-1.135731,0.0,0,1
62.40988,-0.982294,0.0,0,1
61.563879,-0.818016,0.0,0,1
60.804273,-0.664437,0.0,0,1
59.499775,-0.544943,0.0,0,1
58.847848,-0.619871,0.0,0,1
58.120055,-0.761325,0.0,0,1
57.30418,-0.916749,0.0,0,1
56.410573,-1.075866,0.0,0,1
55.459996,-1.218012,0.0,0,1
54.468722,-1.340941,0.0,0,1
53.448614,-1.446046,0.0,0,1
52.408103,-1.535699,0.0,0,1
51.353304,-1.612248,0.0,0,1
50.288823,-1.677717,0.0,0,1
49.21825,-1.733774,0.0,0,1
48.144453,-1.781778,0.0,0,1
47.069754,-1.822845,0.0,0,1
45.996026,-1.857907,0.0,0,1
44.924757,-1.88775,0.0,0,1
43.38,-2.03,0.0,0,1
42.38,-2.03,0.0,0,1
41.38,-2.03,0.0,0,1
40.38,-2.03,0.0,0,1
39.38,-2.03,0.0,0,1
38.38,-2.03,0.0,0,1
37.38,-2.03,0.0,0,1
36.38,-2.03,0.0,0,1
35.38,-2.03,0.0,0,1
34.38,-2.03,0.0,0,1
33.38,-2.03,0.0,0,1
32.38,-2.03,0.0,0,1
31.38,-2.03,0.0,0,1
30.38,-2.03,0.0,0,1
29.38,-2.03,0.0,0,1
28.38,-2.03,0.0,0,1
27.38,-2.03,0.0,0,1
26.38,-2.03,0.0,0,1
25.38,-2.02,0.0,0,1
24.38,-2.02,0.0,0,1
23.38,-2.02,0.0,0,1
22.38,-2.02,0.0,0,1
21.38,-2.02,0.0,0,1
20.38,-2.02,0.0,0,1
19.38,-2.02,0.0,0,1
18.38,-2.02,0.0,0,1
17.38,-2.02,0.0,0,1
16.38,-2.02,0.0,0,1
15.38,-2.02,0.0,0,1
14.38,-2.02,0.0,0,1
13.38,-2.02,0.0,0,1
12.38,-2.02,0.0,0,1
11.03,-2.02,0.0,0,1
11.03,-2.02,0.0,0,1
10.03,-2.02,0.0,0,1
8.99,-2.02,0.0,0,1
7.79,-1.93,0.0,0,1
6.6,-1.72,0.0,0,1
5.44,-1.4,0.0,0,1
4.33,-0.95,0.0,0,1
3.26,-0.4,0.0,0,1
2.25,0.26,0.0,0,1
1.32,1.03,0.0,0,1
0.45,1.92,0.0,0,1
-0.31,2.91,0.0,0,1
-0.93,3.98,0.0,0,1
-1.42,5.12,0.0,0,1
-1.77,6.31,0.0,0,1
-1.98,7.54,0.0,0,1
-2.03,8.74,0.0,0,1
-2.03,9.96,0.0,0,1
-2.03,9.96,0.0,0,1
-2.03,10.96,0.0,0,1
-2.03,11.96,0.0,0,1
-2.03,12.96,0.0,0,1
-2.03,13.96,0.0,0,1
-2.03,14.96,0.0,0,1
-2.03,15.96,0.0,0,1
-2.03,16.96,0.0,0,1
-2.03,17.96,0.0,0,1
-2.03,18.96,0.0,0,1
-2.03,19.96,0.0,0,1
-2.03,20.96,0.0,0,1
-2.03,21.96,0.0,0,1
-2.04,22.96,0.0,0,1
-2.04,23.96,0.0,0,1
-2.04,24.96,0.0,0,1
-2.04,25.96,0.0,0,1
-2.04,26.96,0.0,0,1
-2.04,27.96,0.0,0,1
-2.04,28.96,0.0,0,1
-2.04,29.96,0.0,0,1
-2.04,30.96,0.0,0,1
-2.04,31.96,0.0,0,1
-2.04,32.96,0.0,0,1
-2.04,33.96,0.0,0,1
-2.04,34.96,0.0,0,1
-2.04,35.96,0.0,0,1
-2.04,36.96,0.0,0,1
-2.04,37.96,0.0,0,1
-2.04,38.96,0.0,0,1
-2.04,39.96,0.0,0,1
-2.04,40.96,0.0,0,1
-2.04,41.96,0.0,0,1
-2.04,42.96,0.0,0,1
-2.04,43.96,0.0,0,1
-2.04,44.96,0.0,0,1
-2.04,45.96,0.0,0,1
-2.04,46.96,0.0,0,1
-2.04,47.96,0.0,0,1
-2.05,48.96,0.0,0,1
-2.05,49.96,0.0,0,1
-2.05,50.96,0.0,0,1
-2.05,51.96,0.0,0,1
-2.05,52.96,0.0,0,1
-2.05,53.96,0.0,0,1
-2.05,54.96,0.0,0,1
-2.05,55.96,0.0,0,1
-2.05,56.96,0.0,0,1
-2.05,57.96,0.0,0,1
-2.05,58.96,0.0,0,1
-2.05,59.96,0.0,0,1
-2.05,60.96,0.0,0,1
-2.05,61.96,0.0,0,1
-2.05,62.96,0.0,0,1
-2.05,63.96,0.0,0,1
-2.05,64.96,0.0,0,1
-2.05,65.96,0.0,0,1
-2.05,66.96,0.0,0,1
-2.05,67.96,0.0,0,1
-2.05,68.96,0.0,0,1
-2.05,69.96,0.0,0,1
-2.05,70.96,0.0,0,1
-2.05,71.96,0.0,0,1
-2.05,72.96,0.0,0,1
-2.05,73.96,0.0,0,1
-2.06,74.96,0.0,0,1
-2.06,75.96,0.0,0,1
-2.06,76.96,0.0,0,1
-2.06,77.96,0.0,0,1
-2.06,78.96,0.0,0,1
-2.06,79.96,0.0,0,1
-2.06,80.96,0.0,0,1
-2.06,81.96,0.0,0,1
-2.06,82.96,0.0,0,1
-2.06,83.96,0.0,0,1
-2.06,84.96,0.0,0,1
-2.06,85.96,0.0,0,1
-2.06,86.96,0.0,0,1
-2.06,87.96,0.0,0,1
-2.06,88.96,0.0,0,1
-2.06,89.96,0.0,0,1
-2.06,90.96,0.0,0,1
-2.06,91.96,0.0,0,1
-2.06,92.96,0.0,0,1
-2.06,93.96,0.0,0,1
-2.06,94.96,0.0,0,1
-2.06,95.96,0.0,0,1
-2.06,96.96,0.0,0,1
-2.05,97.96,0.0,0,1
-2.05,98.96,0.0,0,1
-2.05,99.96,0.0,0,1
-2.05,100.96,0.0,0,1
-2.05,101.96,0.0,0,1
-2.05,102.96,0.0,0,1
-2.05,103.96,0.0,0,1
-2.05,104.96,0.0,0,1
-2.05,105.96,0.0,0,1
-2.05,106.96,0.0,0,1
-2.05,107.96,0.0,0,1
-2.05,108.96,0.0,0,1
-2.05,109.96,0.0,0,1
-2.05,110.96,0.0,0,1
-2.05,111.96,0.0,0,1
-2.05,112.96,0.0,0,1
-2.05,113.96,0.0,0,1
-2.05,114.96,0.0,0,1
-2.05,115.96,0.0,0,1
-2.04,116.96,0.0,0,1
-2.04,117.96,0.0,0,1
-2.04,118.96,0.0,0,1
-2.04,119.96,0.0,0,1
-2.04,120.96,0.0,0,1
-2.04,121.96,0.0,0,1
-2.04,122.96,0.0,0,1
-2.04,123.96,0.0,0,1
-2.04,124.96,0.0,0,1
-2.04,125.96,0.0,0,1
-2.04,126.96,0.0,0,1
-2.04,127.96,0.0,0,1
-2.04,128.96,0.0,0,1
-2.04,129.96,0.0,0,1
-2.04,130.96,0.0,0,1
-2.04,131.96,0.0,0,1
-2.04,132.96,0.0,0,1
-2.04,133.96,0.0,0,1
-2.04,134.96,0.0,0,1
-2.03,135.96,0.0,0,1
-2.03,136.96,0.0,0,1
-2.03,137.96,0.0,0,1
-2.03,138.96,0.0,0,1
-2.03,139.96,0.0,0,1
-2.03,140.96,0.0,0,1
-2.03,141.96,0.0,0,1
-2.03,142.96,0.0,0,1
-2.03,143.96,0.0,0,1
-2.03,144.96,0.0,0,1
-2.03,145.96,0.0,0,1
-2.03,146.96,0.0,0,1
-2.03,147.96,0.0,0,1
-2.03,148.96,0.0,0,1
-2.03,149.96,0.0,0,1
-2.03,150.96,0.0,0,1
-2.03,151.96,0.0,0,1
-2.03,152.96,0.0,0,1
-2.03,153.96,0.0,0,1
-2.02,154.96,0.0,0,1
-2.02,155.96,0.0,0,1
-2.02,156.96,0.0,0,1
-2.02,157.96,0.0,0,1
-2.02,158.96,0.0,0,1
-2.02,159.96,0.0,0,1
-2.02,160.96,0.0,0,1
-2.02,161.96,0.0,0,1
-2.02,162.96,0.0,0,1
-2.02,163.96,0.0,0,1
-2.02,164.96,0.0,0,1
-2.02,165.96,0.0,0,1
-2.02,166.96,0.0,0,1
-2.02,167.96,0.0,0,1
-2.02,168.96,0.0,0,1
-2.02,169.96,0.0,0,1
-2.02,170.96,0.0,0,1
-2.02,171.96,0.0,0,1
-2.02,172.96,0.0,0,1
-2.02,173.96,0.0,0,1
-2.01,174.96,0.0,0,1
-2.01,175.96,0.0,0,1
-2.01,176.96,0.0,0,1
-2.01,177.96,0.0,0,1
-2.01,178.96,0.0,0,1
-2.01,179.96,0.0,0,1
-2.01,180.96,0.0,0,1
-2.01,181.96,0.0,0,1
-2.01,182.96,0.0,0,1
-2.01,183.96,0.0,0,1
-2.01,184.96,0.0,0,1
-2.01,185.96,0.0,0,1
-2.01,186.96,0.0,0,1
-2.01,187.96,0.0,0,1
-2.01,188.96,0.0,0,1
-2.01,189.96,0.0,0,1
-2.01,190.96,0.0,0,1
-2.01,191.96,0.0,0,1
-2.01,192.96,0.0,0,1
-2.0,193.96,0.0,0,1
-2.0,194.96,0.0,0,1
-2.0,195.96,0.0,0,1
-2.0,197.96,0.0,0,1
-2.0,198.96,0.0,0,1
-2.0,199.96,0.0,0,1
-2.0,200.96,0.0,0,1
-2.0,201.96,0.0,0,1
-2.0,202.96,0.0,0,1
-2.0,203.96,0.0,0,1
-2.0,204.96,0.0,0,1
-2.0,205.96,0.0,0,1
-2.0,206.96,0.0,0,1
-2.0,207.96,0.0,0,1
-2.0,208.96,0.0,0,1
-2.0,209.96,0.0,0,1
-2.0,210.96,0.0,0,1
-2.0,211.96,0.0,0,1
-1.99,212.96,0.0,0,1
-1.99,213.96,0.0,0,1
-1.99,214.96,0.0,0,1
-1.99,215.96,0.0,0,1
-1.99,216.96,0.0,0,1
-1.99,217.96,0.0,0,1
-1.99,218.96,0.0,0,1
-1.99,219.96,0.0,0,1
-1.99,220.96,0.0,0,1
-1.99,221.96,0.0,0,1
-1.99,222.96,0.0,0,1
-1.99,223.96,0.0,0,1
-1.99,224.96,0.0,0,1
-1.99,225.96,0.0,0,1
-1.99,226.96,0.0,0,1
-1.99,227.96,0.0,0,1
-1.99,228.96,0.0,0,1
-1.99,229.96,0.0,0,1
-1.99,230.96,0.0,0,1
-1.98,231.96,0.0,0,1
-1.98,232.96,0.0,0,1
-1.98,233.96,0.0,0,1
-1.98,234.96,0.0,0,1
-1.98,235.96,0.0,0,1
-1.98,236.96,0.0,0,1
-1.98,237.96,0.0,0,1
-1.98,238.96,0.0,0,1
-1.98,239.96,0.0,0,1
-1.98,240.96,0.0,0,1
-1.98,241.96,0.0,0,1
-1.98,242.96,0.0,0,1
-1.98,243.96,0.0,0,1
-1.98,244.96,0.0,0,1
-1.98,245.96,0.0,0,1
-1.98,246.96,0.0,0,1
-1.98,247.96,0.0,0,1
-1.98,248.96,0.0,0,1
-1.98,249.96,0.0,0,1
-1.98,250.96,0.0,0,1
-1.98,251.96,0.0,0,1
-1.98,252.96,0.0,0,1
-1.98,253.96,0.0,0,1
-1.98,254.96,0.0,0,1
-1.98,255.96,0.0,0,1
-1.98,256.96,0.0,0,1
-1.98,257.96,0.0,0,1
-1.98,258.96,0.0,0,1
-1.98,259.96,0.0,0,1
-1.98,260.96,0.0,0,1
-1.98,261.96,0.0,0,1
-1.98,262.96,0.0,0,1
-1.98,263.96,0.0,0,1
-1.98,264.96,0.0,0,1
-1.98,265.96,0.0,0,1
-1.98,266.96,0.0,0,1
-1.98,267.96,0.0,0,1
-1.98,268.96,0.0,0,1
-1.98,269.96,0.0,0,1
-1.98,270.96,0.0,0,1
-1.98,271.96,0.0,0,1
-1.98,272.96,0.0,0,1
-1.98,273.96,0.0,0,1
-1.98,274.96,0.0,0,1
-1.98,275.96,0.0,0,1
-1.98,276.96,0.0,0,1
-1.98,277.96,0.0,0,1
-1.98,278.96,0.0,0,1
-1.99,279.96,0.0,0,1
-1.99,280.96,0.0,0,1
-1.99,281.96,0.0,0,1
-1.99,282.96,0.0,0,1
-1.99,283.96,0.0,0,1
-1.99,284.96,0.0,0,1
-1.99,285.96,0.0,0,1
-1.99,286.96,0.0,0,1
-1.99,287.96,0.0,0,1
-1.99,288.96,0.0,0,1
-1.99,289.96,0.0,0,1
-1.99,290.96,0.0,0,1
-1.99,291.96,0.0,0,1
-1.99,292.96,0.0,0,1
-1.99,293.96,0.0,0,1
-1.99,294.96,0.0,0,1
-1.99,295.96,0.0,0,1
-1.99,296.96,0.0,0,1
-1.99,297.96,0.0,0,1
-1.99,298.96,0.0,0,1
-1.99,299.96,0.0,0,1
-1.99,300.96,0.0,0,1
-1.99,301.96,0.0,0,1
-1.99,302.96,0.0,0,1
-1.99,303.96,0.0,0,1
-1.99,304.96,0.0,0,1
-1.99,305.96,0.0,0,1
-1.99,306.96,0.0,0,1
-1.99,307.96,0.0,0,1
-1.99,308.96,0.0,0,1
-1.99,309.96,0.0,0,1
-1.99,310.96,0.0,0,1
-1.99,311.96,0.0,0,1
-1.99,312.96,0.0,0,1
-1.99,313.96,0.0,0,1
-1.99,314.96,0.0,0,1
-1.99,315.96,0.0,0,1
-1.99,317.6,0.0,0,1
-1.99,317.6,0.0,0,1
-1.97,318.7,0.0,0,1
-1.86,319.87,0.0,0,1
-1.65,321.02,0.0,0,1
-1.34,322.15,0.0,0,1
-0.94,323.25,0.0,0,1
-0.44,324.31,0.0,0,1
0.15,325.33,0.0,0,1
0.82,326.29,0.0,0,1
1.6,327.21,0.0,0,1
2.5,328.05,0.0,0,1
3.49,328.78,0.0,0,1
4.55,329.4,0.0,0,1
5.68,329.89,0.0,0,1
6.86,330.24,0.0,0,1
8.07,330.46,0.0,0,1
10.01,330.54,0.0,0,1
10.01,330.54,0.0,0,1
11.01,330.54,0.0,0,1
12.01,330.54,0.0,0,1
13.01,330.54,0.0,0,1
14.01,330.54,0.0,0,1
15.01,330.54,0.0,0,1
16.01,330.54,0.0,0,1
17.01,330.54,0.0,0,1
18.01,330.54,0.0,0,1
19.01,330.54,0.0,0,1
20.01,330.55,0.0,0,1
21.01,330.55,0.0,0,1
22.01,330.55,0.0,0,1
23.01,330.55,0.0,0,1
24.01,330.55,0.0,0,1
25.01,330.55,0.0,0,1
26.01,330.55,0.0,0,1
27.01,330.55,0.0,0,1
28.01,330.55,0.0,0,1
29.01,330.55,0.0,0,1
30.01,330.55,0.0,0,1
31.01,330.55,0.0,0,1
32.01,330.55,0.0,0,1
33.01,330.55,0.0,0,1
34.01,330.55,0.0,0,1
35.01,330.55,0.0,0,1
36.01,330.55,0.0,0,1
37.01,330.55,0.0,0,1
38.01,330.55,0.0,0,1
39.01,330.56,0.0,0,1
40.01,330.56,0.0,0,1
41.01,330.56,0.0,0,1
42.01,330.56,0.0,0,1
43.01,330.56,0.0,0,1
44.01,330.56,0.0,0,1
45.01,330.56,0.0,0,1
46.01,330.56,0.0,0,1
47.01,330.56,0.0,0,1
48.01,330.56,0.0,0,1
49.01,330.56,0.0,0,1
50.01,330.56,0.0,0,1
51.01,330.56,0.0,0,1
52.01,330.56,0.0,0,1
53.01,330.56,0.0,0,1
54.01,330.56,0.0,0,1
55.01,330.56,0.0,0,1
56.01,330.56,0.0,0,1
57.01,330.57,0.0,0,1
58.01,330.57,0.0,0,1
59.01,330.57,0.0,0,1
60.01,330.57,0.0,0,1
61.01,330.57,0.0,0,1
62.01,330.57,0.0,0,1
63.01,330.57,0.0,0,1
64.01,330.57,0.0,0,1
65.01,330.57,0.0,0,1
66.01,330.57,0.0,0,1
67.01,330.57,0.0,0,1
68.01,330.57,0.0,0,1
69.01,330.57,0.0,0,1
70.01,330.57,0.0,0,1
71.01,330.57,0.0,0,1
72.01,330.57,0.0,0,1
73.01,330.57,0.0,0,1
74.01,330.57,0.0,0,1
75.01,330.57,0.0,0,1
76.01,330.58,0.0,0,1
77.01,330.58,0.0,0,1
78.01,330.58,0.0,0,1
79.64,330.58,0.0,0,0
79.64,330.58,0.0,0,0
80.64,330.58,0.0,0,0
81.64,330.58,0.0,0,0
82.64,330.58,0.0,0,0
83.64,330.58,0.0,0,0
84.64,330.58,0.0,0,0
85.64,330.58,0.0,0,0
86.64,330.58,0.0,0,0
87.64,330.58,0.0,0,0
88.64,330.58,0.0,0,0
89.64,330.58,0.0,0,0
90.64,330.58,0.0,0,0
91.64,330.58,0.0,0,0
92.64,330.58,0.0,0,0
93.64,330.58,0.0,0,0
94.64,330.59,0.0,0,0
95.64,330.59,0.0,0,0
96.64,330.59,0.0,0,0
97.64,330.59,0.0,0,0
98.64,330.59,0.0,0,0
99.64,330.59,0.0,0,0
101.62,330.59,0.0,0,1
101.62,330.59,0.0,0,1
102.62,330.59,0.0,0,1
103.62,330.59,0.0,0,1
104.62,330.59,0.0,0,1
105.62,330.59,0.0,0,1
106.62,330.59,0.0,0,1
107.62,330.59,0.0,0,1
108.62,330.59,0.0,0,1
109.62,330.59,0.0,0,1
110.62,330.59,0.0,0,1
111.62,330.59,0.0,0,1
112.62,330.59,0.0,0,1
113.62,330.59,0.0,0,1
114.62,330.59,0.0,0,1
115.62,330.59,0.0,0,1
116.62,330.59,0.0,0,1
117.62,330.59,0.0,0,1
118.62,330.59,0.0,0,1
119.62,330.59,0.0,0,1
120.62,330.59,0.0,0,1
121.62,330.59,0.0,0,1
122.62,330.59,0.0,0,1
123.62,330.59,0.0,0,1
124.62,330.59,0.0,0,1
125.62,330.59,0.0,0,1
126.62,330.59,0.0,0,1
127.62,330.59,0.0,0,1
128.62,330.59,0.0,0,1
129.62,330.59,0.0,0,1
130.62,330.59,0.0,0,1
131.62,330.59,0.0,0,1
132.62,330.59,0.0,0,1
133.62,330.59,0.0,0,1
134.62,330.59,0.0,0,1
135.62,330.59,0.0,0,1
136.62,330.59,0.0,0,1
137.62,330.59,0.0,0,1
138.62,330.59,0.0,0,1
139.62,330.59,0.0,0,1
140.62,330.59,0.0,0,1
141.62,330.59,0.0,0,1
142.62,330.59,0.0,0,1
143.62,330.59,0.0,0,1
144.62,330.59,0.0,0,1
145.62,330.59,0.0,0,1
146.62,330.59,0.0,0,1
147.62,330.59,0.0,0,1
148.62,330.59,0.0,0,1
149.62,330.59,0.0,0,1
150.62,330.6,0.0,0,1
151.62,330.6,0.0,0,1
152.62,330.6,0.0,0,1
153.62,330.6,0.0,0,1
154.62,330.6,0.0,0,1
155.62,330.6,0.0,0,1
156.62,330.6,0.0,0,1
157.62,330.6,0.0,0,1
158.62,330.6,0.0,0,1
159.62,330.6,0.0,0,1
160.62,330.6,0.0,0,1
161.62,330.6,0.0,0,1
162.62,330.6,0.0,0,1
163.62,330.6,0.0,0,1
164.62,330.6,0.0,0,1
165.62,330.6,0.0,0,1
166.62,330.6,0.0,0,1
167.62,330.6,0.0,0,1
168.62,330.6,0.0,0,1
169.62,330.6,0.0,0,1
170.62,330.6,0.0,0,1
171.62,330.6,0.0,0,1
172.62,330.6,0.0,0,1
173.62,330.6,0.0,0,1
174.62,330.6,0.0,0,1
175.62,330.6,0.0,0,1
176.62,330.6,0.0,0,1
177.62,330.6,0.0,0,1
178.62,330.6,0.0,0,1
179.62,330.6,0.0,0,1
180.62,330.6,0.0,0,1
181.62,330.6,0.0,0,1
182.62,330.6,0.0,0,1
183.62,330.6,0.0,0,1
184.62,330.6,0.0,0,1
185.62,330.6,0.0,0,1
186.62,330.6,0.0,0,1
187.62,330.6,0.0,0,1
188.62,330.6,0.0,0,1
189.62,330.6,0.0,0,1
190.62,330.6,0.0,0,1
191.62,330.6,0.0,0,1
192.62,330.6,0.0,0,1
193.62,330.6,0.0,0,1
194.62,330.6,0.0,0,1
195.62,330.6,0.0,0,1
196.62,330.6,0.0,0,1
197.62,330.6,0.0,0,1
198.62,330.6,0.0,0,1
199.62,330.6,0.0,0,1
200.62,330.6,0.0,0,1
201.62,330.6,0.0,0,1
202.62,330.6,0.0,0,1
203.62,330.6,0.0,0,1
204.62,330.6,0.0,0,1
205.62,330.6,0.0,0,1
206.62,330.6,0.0,0,1
207.62,330.6,0.0,0,1
208.62,330.6,0.0,0,1
209.62,330.6,0.0,0,1
210.62,330.6,0.0,0,1
211.62,330.6,0.0,0,1
212.62,330.6,0.0,0,1
213.62,330.6,0.0,0,1
214.62,330.6,0.0,0,1
215.62,330.6,0.0,0,1
216.62,330.6,0.0,0,1
217.62,330.6,0.0,0,1
218.62,330.6,0.0,0,1
219.62,330.6,0.0,0,1
220.62,330.6,0.0,0,1
221.62,330.6,0.0,0,1
222.62,330.6,0.0,0,1
223.62,330.6,0.0,0,1
224.62,330.6,0.0,0,1
225.62,330.6,0.0,0,1
226.62,330.6,0.0,0,1
227.62,330.6,0.0,0,1
228.62,330.6,0.0,0,1
229.62,330.6,0.0,0,1
230.62,330.6,0.0,0,1
231.62,330.6,0.0,0,1
232.62,330.6,0.0,0,1
233.62,330.6,0.0,0,1
234.62,330.6,0.0,0,1
235.62,330.6,0.0,0,1
236.62,330.6,0.0,0,1
237.62,330.6,0.0,0,1
238.62,330.6,0.0,0,1
239.62,330.6,0.0,0,1
240.62,330.6,0.0,0,1
241.62,330.6,0.0,0,1
242.62,330.6,0.0,0,1
243.62,330.6,0.0,0,1
244.62,330.61,0.0,0,1
245.62,330.61,0.0,0,1
246.62,330.61,0.0,0,1
247.62,330.61,0.0,0,1
248.62,330.61,0.0,0,1
249.62,330.61,0.0,0,1
250.62,330.61,0.0,0,1
251.62,330.61,0.0,0,1
252.62,330.61,0.0,0,1
253.62,330.61,0.0,0,1
254.62,330.61,0.0,0,1
255.62,330.61,0.0,0,1
256.62,330.61,0.0,0,1
257.62,330.61,0.0,0,1
258.62,330.61,0.0,0,1
259.62,330.61,0.0,0,1
260.62,330.61,0.0,0,1
261.62,330.61,0.0,0,1
262.62,330.61,0.0,0,1
263.62,330.61,0.0,0,1
264.62,330.61,0.0,0,1
265.62,330.61,0.0,0,1
266.62,330.61,0.0,0,1
267.62,330.61,0.0,0,1
268.62,330.61,0.0,0,1
269.62,330.61,0.0,0,1
270.62,330.61,0.0,0,1
271.62,330.61,0.0,0,1
272.62,330.61,0.0,0,1
273.62,330.61,0.0,0,1
274.62,330.61,0.0,0,1
275.62,330.61,0.0,0,1
276.62,330.61,0.0,0,1
277.62,330.61,0.0,0,1
278.62,330.61,0.0,0,1
279.62,330.61,0.0,0,1
280.62,330.61,0.0,0,1
281.62,330.61,0.0,0,1
282.62,330.61,0.0,0,1
283.62,330.61,0.0,0,1
284.62,330.61,0.0,0,1
285.62,330.61,0.0,0,1
286.62,330.61,0.0,0,1
287.62,330.61,0.0,0,1
288.62,330.61,0.0,0,1
289.62,330.61,0.0,0,1
290.62,330.61,0.0,0,1
291.62,330.61,0.0,0,1
292.62,330.61,0.0,0,1
293.62,330.61,0.0,0,1
294.62,330.61,0.0,0,1
295.62,330.61,0.0,0,1
296.62,330.61,0.0,0,1
297.62,330.61,0.0,0,1
298.62,330.61,0.0,0,1
299.62,330.61,0.0,0,1
300.62,330.61,0.0,0,1
301.62,330.61,0.0,0,1
302.62,330.61,0.0,0,1
303.62,330.61,0.0,0,1
304.62,330.61,0.0,0,1
305.62,330.61,0.0,0,1
306.62,330.61,0.0,0,1
307.62,330.61,0.0,0,1
308.62,330.61,0.0,0,1
309.62,330.61,0.0,0,1
310.62,330.61,0.0,0,1
311.62,330.61,0.0,0,1
312.62,330.61,0.0,0,1
313.62,330.61,0.0,0,1
314.62,330.61,0.0,0,1
315.62,330.61,0.0,0,1
316.62,330.61,0.0,0,1
317.62,330.61,0.0,0,1
318.62,330.61,0.0,0,1
319.62,330.61,0.0,0,1
320.62,330.61,0.0,0,1
321.62,330.61,0.0,0,1
322.62,330.61,0.0,0,1
323.62,330.61,0.0,0,1
324.62,330.61,0.0,0,1
325.72,330.61,0.0,0,0
325.72,330.61,0.0,0,0
326.72,330.61,0.0,0,0
327.72,330.61,0.0,0,0
328.72,330.61,0.0,0,0
329.72,330.61,0.0,0,0
330.72,330.61,0.0,0,0
331.72,330.61,0.0,0,0
332.72,330.61,0.0,0,0
333.72,330.61,0.0,0,0
334.72,330.61,0.0,0,0
335.72,330.61,0.0,0,0
336.72,330.61,0.0,0,0
337.72,330.61,0.0,0,0
338.72,330.61,0.0,0,0
339.72,330.61,0.0,0,0
340.72,330.61,0.0,0,0
341.72,330.61,0.0,0,0
342.72,330.61,0.0,0,0
343.72,330.61,0.0,0,0
344.72,330.61,0.0,0,0
345.72,330.61,0.0,0,0
346.72,330.61,0.0,0,0
347.73,330.61,0.0,0,1
347.73,330.61,0.0,0,1
348.73,330.61,0.0,0,1
349.73,330.61,0.0,0,1
350.73,330.61,0.0,0,1
351.73,330.61,0.0,0,1
352.73,330.61,0.0,0,1
353.73,330.61,0.0,0,1
354.73,330.61,0.0,0,1
355.73,330.61,0.0,0,1
356.73,330.61,0.0,0,1
357.73,330.61,0.0,0,1
358.73,330.61,0.0,0,1
359.73,330.61,0.0,0,1
360.73,330.61,0.0,0,1
361.73,330.61,0.0,0,1
362.73,330.61,0.0,0,1
363.73,330.61,0.0,0,1
364.73,330.61,0.0,0,1
365.73,330.61,0.0,0,1
366.73,330.61,0.0,0,1
367.73,330.61,0.0,0,1
368.73,330.61,0.0,0,1
369.73,330.61,0.0,0,1
370.73,330.61,0.0,0,1
371.73,330.61,0.0,0,1
372.73,330.61,0.0,0,1
373.73,330.61,0.0,0,1
374.73,330.61,0.0,0,1
375.73,330.61,0.0,0,1
376.73,330.61,0.0,0,1
377.73,330.61,0.0,0,1
378.73,330.61,0.0,0,1
379.73,330.61,0.0,0,1
380.73,330.61,0.0,0,1
381.73,330.61,0.0,0,1
382.73,330.61,0.0,0,1
384.08,330.61,0.0,0,1
384.08,330.61,0.0,0,1
385.15,330.6,0.0,0,1
386.34,330.51,0.0,0,1
387.51,330.29,0.0,0,1
388.66,329.96,0.0,0,1
389.78,329.52,0.0,0,1
390.84,328.98,0.0,0,1
391.85,328.33,0.0,0,1
392.78,327.59,0.0,0,1
393.66,326.72,0.0,0,1
394.43,325.75,0.0,0,1
395.08,324.7,0.0,0,1
395.61,323.59,0.0,0,1
396.0,322.41,0.0,0,1
396.24,321.2,0.0,0,1
396.35,319.97,0.0,0,1
396.35,318.54,0.0,0,1
396.35,318.54,0.0,0,1
396.35,317.54,0.0,0,1
396.35,316.54,0.0,0,1
396.35,315.54,0.0,0,1
396.35,314.54,0.0,0,1
396.35,313.54,0.0,0,1
396.35,312.54,0.0,0,1
396.35,311.54,0.0,0,1
396.35,310.54,0.0,0,1
396.35,309.54,0.0,0,1
396.35,308.54,0.0,0,1
396.35,307.54,0.0,0,1
396.35,306.54,0.0,0,1
396.34,305.54,0.0,0,1
396.34,304.54,0.0,0,1
396.34,303.54,0.0,0,1
396.34,302.54,0.0,0,1
396.34,301.54,0.0,0,1
396.34,300.54,0.0,0,1
396.34,299.54,0.0,0,1
396.34,298.54,0.0,0,1
396.34,297.54,0.0,0,1
396.34,296.54,0.0,0,1
396.34,295.54,0.0,0,1
396.34,294.54,0.0,0,1
396.34,293.54,0.0,0,1
396.34,292.54,0.0,0,1
396.34,291.54,0.0,0,1
396.34,290.54,0.0,0,1
396.34,289.54,0.0,0,1
396.34,288.54,0.0,0,1
396.34,287.54,0.0,0,1
396.34,286.54,0.0,0,1
396.34,285.54,0.0,0,1
396.34,284.54,0.0,0,1
396.34,283.54,0.0,0,1
396.34,282.54,0.0,0,1
396.34,281.54,0.0,0,1
396.34,280.54,0.0,0,1
396.33,279.54,0.0,0,1
396.33,278.54,0.0,0,1
396.33,277.54,0.0,0,1
396.33,276.54,0.0,0,1
396.33,275.54,0.0,0,1
396.33,274.54,0.0,0,1
396.33,273.54,0.0,0,1
396.33,272.54,0.0,0,1
396.33,271.54,0.0,0,1
396.33,270.54,0.0,0,1
396.33,269.54,0.0,0,1
396.33,268.54,0.0,0,1
396.33,267.54,0.0,0,1
396.33,266.54,0.0,0,1
396.33,265.54,0.0,0,1
396.33,264.54,0.0,0,1
396.33,263.54,0.0,0,1
396.33,262.54,0.0,0,1
396.33,261.54,0.0,0,1
396.33,260.54,0.0,0,1
396.33,259.54,0.0,0,1
396.33,258.54,0.0,0,1
396.33,257.54,0.0,0,1
396.33,256.54,0.0,0,1
396.33,255.54,0.0,0,1
396.33,254.54,0.0,0,1
396.32,253.54,0.0,0,1
396.32,252.54,0.0,0,1
396.32,251.54,0.0,0,1
396.32,250.54,0.0,0,1
396.32,249.54,0.0,0,1
396.32,248.54,0.0,0,1
396.32,247.54,0.0,0,1
396.32,246.54,0.0,0,1
396.32,245.54,0.0,0,1
396.32,244.54,0.0,0,1
396.32,243.54,0.0,0,1
396.32,242.54,0.0,0,1
396.32,241.54,0.0,0,1
396.32,240.54,0.0,0,1
396.32,239.54,0.0,0,1
396.32,238.54,0.0,0,1
396.32,237.54,0.0,0,1
396.32,236.54,0.0,0,1
396.32,235.54,0.0,0,1
396.32,234.54,0.0,0,1
396.32,233.54,0.0,0,1
396.32,232.54,0.0,0,1
396.32,231.54,0.0,0,1
396.32,230.54,0.0,0,1
396.32,229.54,0.0,0,1
396.32,228.54,0.0,0,1
396.32,227.54,0.0,0,1
396.32,226.54,0.0,0,1
396.32,225.54,0.0,0,1
396.32,224.54,0.0,0,1
396.32,223.54,0.0,0,1
396.32,222.54,0.0,0,1
396.32,221.54,0.0,0,1
396.32,220.54,0.0,0,1
396.32,219.54,0.0,0,1
396.32,218.54,0.0,0,1
396.31,217.54,0.0,0,1
396.31,216.54,0.0,0,1
396.31,215.54,0.0,0,1
396.31,214.54,0.0,0,1
396.31,213.54,0.0,0,1
396.31,212.54,0.0,0,1
396.31,211.54,0.0,0,1
396.31,210.54,0.0,0,1
396.31,209.54,0.0,0,1
396.31,208.54,0.0,0,1
396.31,207.54,0.0,0,1
396.31,206.54,0.0,0,1
396.31,205.54,0.0,0,1
396.31,204.54,0.0,0,1
396.31,203.54,0.0,0,1
396.31,202.54,0.0,0,1
396.31,201.54,0.0,0,1
396.31,200.54,0.0,0,1
396.31,199.54,0.0,0,1
396.31,198.54,0.0,0,1
396.31,197.54,0.0,0,1
396.31,196.54,0.0,0,1
396.31,195.54,0.0,0,1
396.31,194.54,0.0,0,1
396.31,193.54,0.0,0,1
396.31,192.54,0.0,0,1
396.31,191.54,0.0,0,1
396.31,190.54,0.0,0,1
396.31,189.54,0.0,0,1
396.31,188.54,0.0,0,1
396.31,187.54,0.0,0,1
396.31,186.54,0.0,0,1
396.31,185.54,0.0,0,1
396.31,184.54,0.0,0,1
396.31,183.54,0.0,0,1
396.31,182.54,0.0,0,1
396.31,181.54,0.0,0,1
396.31,180.54,0.0,0,1
396.31,179.54,0.0,0,1
396.31,178.54,0.0,0,1
396.31,177.54,0.0,0,1
396.31,176.54,0.0,0,1
396.31,175.54,0.0,0,1
396.31,174.54,0.0,0,1
396.31,173.54,0.0,0,1
396.31,172.54,0.0,0,1
396.31,171.54,0.0,0,1
396.31,170.54,0.0,0,1
396.3,169.54,0.0,0,1
396.3,168.54,0.0,0,1
396.3,167.54,0.0,0,1
396.3,166.54,0.0,0,1
396.3,165.54,0.0,0,1
396.3,164.54,0.0,0,1
396.3,163.54,0.0,0,1
396.3,162.54,0.0,0,1
396.3,161.54,0.0,0,1
396.3,160.54,0.0,0,1
396.3,159.54,0.0,0,1
396.3,158.54,0.0,0,1
396.3,157.54,0.0,0,1
396.3,156.54,0.0,0,1
396.3,155.54,0.0,0,1
396.3,154.54,0.0,0,1
396.3,153.54,0.0,0,1
396.3,152.54,0.0,0,1
396.3,151.54,0.0,0,1
396.3,150.54,0.0,0,1
396.3,149.54,0.0,0,1
396.3,148.54,0.0,0,1
396.3,147.54,0.0,0,1
396.3,146.54,0.0,0,1
396.3,145.54,0.0,0,1
396.3,144.54,0.0,0,1
396.3,143.54,0.0,0,1
396.3,142.54,0.0,0,1
396.3,141.54,0.0,0,1
396.3,140.54,0.0,0,1
396.3,139.54,0.0,0,1
396.3,138.54,0.0,0,1
396.3,137.54,0.0,0,1
396.3,136.54,0.0,0,1
396.3,135.54,0.0,0,1
396.3,134.54,0.0,0,1
396.3,133.54,0.0,0,1
396.3,132.54,0.0,0,1
396.3,131.54,0.0,0,1
396.3,130.54,0.0,0,1
396.3,129.54,0.0,0,1
396.3,128.54,0.0,0,1
396.3,127.54,0.0,0,1
396.3,126.54,0.0,0,1
396.3,125.54,0.0,0,1
396.3,124.54,0.0,0,1
396.3,123.54,0.0,0,1
396.29,122.54,0.0,0,1
396.29,121.54,0.0,0,1
396.29,120.54,0.0,0,1
396.29,119.54,0.0,0,1
396.29,118.54,0.0,0,1
396.29,117.54,0.0,0,1
396.29,116.54,0.0,0,1
396.29,115.54,0.0,0,1
396.29,114.54,0.0,0,1
396.29,113.54,0.0,0,1
396.29,112.54,0.0,0,1
396.29,111.54,0.0,0,1
396.29,110.54,0.0,0,1
396.29,109.54,0.0,0,1
396.29,108.54,0.0,0,1
396.29,107.54,0.0,0,1
396.29,106.54,0.0,0,1
396.29,105.54,0.0,0,1
396.29,104.54,0.0,0,1
396.29,103.54,0.0,0,1
396.29,102.54,0.0,0,1
396.29,101.54,0.0,0,1
396.29,100.54,0.0,0,1
396.29,99.54,0.0,0,1
396.29,98.54,0.0,0,1
396.29,97.54,0.0,0,1
396.29,96.54,0.0,0,1
396.29,95.54,0.0,0,1
396.29,94.54,0.0,0,1
396.29,93.54,0.0,0,1
396.29,92.54,0.0,0,1
396.29,91.54,0.0,0,1
396.29,90.54,0.0,0,1
396.29,89.54,0.0,0,1
396.29,88.54,0.0,0,1
396.29,87.54,0.0,0,1
396.29,86.54,0.0,0,1
396.29,85.54,0.0,0,1
396.29,84.54,0.0,0,1
396.29,83.54,0.0,0,1
396.29,82.54,0.0,0,1
396.29,81.54,0.0,0,1
396.3,80.54,0.0,0,1
396.3,79.54,0.0,0,1
396.3,78.54,0.0,0,1
396.3,77.54,0.0,0,1
396.3,76.54,0.0,0,1
396.3,75.54,0.0,0,1
396.3,74.54,0.0,0,1
396.3,73.54,0.0,0,1
396.3,72.54,0.0,0,1
396.31,71.54,0.0,0,1
396.31,70.54,0.0,0,1
396.31,69.54,0.0,0,1
396.31,68.54,0.0,0,1
396.31,67.54,0.0,0,1
396.31,66.54,0.0,0,1
396.31,65.54,0.0,0,1
396.31,64.54,0.0,0,1
396.32,63.54,0.0,0,1
396.32,62.54,0.0,0,1
396.32,61.54,0.0,0,1
396.32,60.54,0.0,0,1
396.32,59.54,0.0,0,1
396.32,58.54,0.0,0,1
396.32,57.54,0.0,0,1
396.32,56.54,0.0,0,1
396.33,55.54,0.0,0,1
396.33,54.54,0.0,0,1
396.33,53.54,0.0,0,1
396.33,52.54,0.0,0,1
396.33,51.54,0.0,0,1
396.33,50.54,0.0,0,1
396.33,49.54,0.0,0,1
396.33,48.54,0.0,0,1
396.33,47.54,0.0,0,1
396.34,46.54,0.0,0,1
396.34,45.54,0.0,0,1
396.34,44.54,0.0,0,1
396.34,43.54,0.0,0,1
396.34,42.54,0.0,0,1
396.34,41.54,0.0,0,1
396.34,40.54,0.0,0,1
396.34,39.54,0.0,0,1
396.35,38.54,0.0,0,1
396.35,37.54,0.0,0,1
396.35,36.54,0.0,0,1
396.35,35.54,0.0,0,1
396.35,34.54,0.0,0,1
396.35,33.54,0.0,0,1
396.35,32.54,0.0,0,1
396.35,31.54,0.0,0,1
396.36,30.54,0.0,0,1
396.36,29.54,0.0,0,1
396.36,28.54,0.0,0,1
396.36,27.54,0.0,0,1
396.36,26.54,0.0,0,1
396.36,25.54,0.0,0,1
396.36,24.54,0.0,0,1
396.36,23.54,0.0,0,1
396.36,22.54,0.0,0,1
396.37,21.54,0.0,0,1
396.37,20.54,0.0,0,1
396.37,19.54,0.0,0,1
396.37,18.54,0.0,0,1
396.37,17.54,0.0,0,1
396.37,16.54,0.0,0,1
396.37,15.54,0.0,0,1
396.37,14.54,0.0,0,1
396.38,13.54,0.0,0,1
396.38,12.54,0.0,0,1
396.38,11.54,0.0,0,1
396.38,9.85,0.0,0,1
396.38,9.85,0.0,0,1
396.38,8.83,0.0,0,1
396.3,7.61,0.0,0,1
396.08,6.41,0.0,0,1
395.74,5.24,0.0,0,1
395.26,4.11,0.0,0,1
394.67,3.05,0.0,0,1
393.96,2.05,0.0,0,1
393.15,1.14,0.0,0,1
392.23,0.32,0.0,0,1
391.22,-0.38,0.0,0,1
390.14,-0.97,0.0,0,1
389.0,-1.43,0.0,0,1
387.81,-1.75,0.0,0,1
386.6,-1.93,0.0,0,1
384.59,-1.98,0.0,0,1
384.59,-1.98,0.0,0,1
383.59,-1.98,0.0,0,1
382.59,-1.98,0.0,0,1
381.59,-1.98,0.0,0,1
380.59,-1.98,0.0,0,1
379.59,-1.98,0.0,0,1
378.59,-1.98,0.0,0,1
377.59,-1.98,0.0,0,1
376.59,-1.98,0.0,0,1
375.59,-1.98,0.0,0,1
374.59,-1.99,0.0,0,1
373.59,-1.99,0.0,0,1
372.59,-1.99,0.0,0,1
371.59,-1.99,0.0,0,1
370.59,-1.99,0.0,0,1
369.59,-1.99,0.0,0,1
368.59,-1.99,0.0,0,1
367.59,-1.99,0.0,0,1
366.59,-1.99,0.0,0,1
365.59,-1.99,0.0,0,1
364.59,-1.99,0.0,0,1
363.59,-1.99,0.0,0,1
362.59,-1.99,0.0,0,1
361.59,-1.99,0.0,0,1
360.59,-1.99,0.0,0,1
359.59,-1.99,0.0,0,1
358.59,-1.99,0.0,0,1
357.59,-1.99,0.0,0,1
356.59,-1.99,0.0,0,1
355.59,-2.0,0.0,0,1
354.59,-2.0,0.0,0,1
353.59,-2.0,0.0,0,1
352.59,-2.0,0.0,0,1
351.59,-2.0,0.0,0,1
350.59,-2.0,0.0,0,1
349.59,-2.0,0.0,0,1
348.23,-2.0,0.0,0,1
348.23,-2.0,0.0,0,1
347.23,-2.0,0.0,0,1
346.23,-2.0,0.0,0,1
345.23,-2.0,0.0,0,1
344.23,-2.0,0.0,0,1
343.23,-2.0,0.0,0,1
342.23,-2.0,0.0,0,1
341.23,-2.0,0.0,0,1
340.23,-2.0,0.0,0,1
339.23,-2.0,0.0,0,1
338.23,-2.0,0.0,0,1
337.23,-2.01,0.0,0,1
336.23,-2.01,0.0,0,1
335.23,-2.01,0.0,0,1
334.23,-2.01,0.0,0,1
333.23,-2.01,0.0,0,1
332.23,-2.01,0.0,0,1
331.23,-2.01,0.0,0,1
330.23,-2.01,0.0,0,1
329.23,-2.01,0.0,0,1
328.23,-2.01,0.0,0,1
327.23,-2.01,0.0,0,1
325.63,-2.01,0.0,0,1
325.63,-2.01,0.0,0,1
324.63,-2.01,0.0,0,1
323.63,-2.01,0.0,0,1
322.63,-2.01,0.0,0,1
321.63,-2.01,0.0,0,1
320.63,-2.01,0.0,0,1
319.63,-2.01,0.0,0,1
318.63,-2.02,0.0,0,1
317.63,-2.02,0.0,0,1
316.63,-2.02,0.0,0,1
315.63,-2.02,0.0,0,1
314.63,-2.02,0.0,0,1
313.63,-2.02,0.0,0,1
312.63,-2.02,0.0,0,1
311.63,-2.02,0.0,0,1
310.63,-2.02,0.0,0,1
309.63,-2.02,0.0,0,1
308.63,-2.02,0.0,0,1
307.63,-2.02,0.0,0,1
306.63,-2.02,0.0,0,1
305.63,-2.02,0.0,0,1
304.63,-2.02,0.0,0,1
303.63,-2.02,0.0,0,1
302.63,-2.02,0.0,0,1
301.63,-2.02,0.0,0,1
300.63,-2.02,0.0,0,1
299.63,-2.03,0.0,0,1
298.63,-2.03,0.0,0,1
297.63,-2.03,0.0,0,1
296.63,-2.03,0.0,0,1
295.63,-2.03,0.0,0,1
294.63,-2.03,0.0,0,1
293.63,-2.03,0.0,0,1
292.63,-2.03,0.0,0,1
291.63,-2.03,0.0,0,1
290.63,-2.03,0.0,0,1
289.63,-2.03,0.0,0,1
288.63,-2.03,0.0,0,1
287.63,-2.03,0.0,0,1
286.63,-2.03,0.0,0,1
285.63,-2.03,0.0,0,1
284.63,-2.03,0.0,0,1
283.126749,-1.903559,0.0,1,1
282.057543,-1.876566,0.0,0,1
280.985139,-1.84479,0.0,0,1
279.910813,-1.80752,0.0,0,1
278.836191,-1.763926,0.0,0,1
277.763308,-1.713022,0.0,0,1
276.694672,-1.653619,0.0,0,1
275.63339,-1.584264,0.0,0,1
274.583373,-1.503182,0.0,0,1
273.549689,-1.408244,0.0,0,1
272.539151,-1.297068,0.0,0,1
271.561231,-1.167502,0.0,0,1
270.629211,-1.019076,0.0,0,1
269.760708,-0.856541,0.0,0,1
268.974419,-0.696473,0.0,0,1
267.64011,-0.531411,0.0,0,1
267.001412,-0.578755,0.0,0,1
266.299144,-0.705243,0.0,0,1
265.507641,-0.866462,0.0,0,1
264.634763,-1.028709,0.0,0,1
263.699418,-1.176274,0.0,0,1
262.719045,-1.304853,0.0,0,1
261.70671,-1.415091,0.0,0,1
260.671719,-1.509189,0.0,0,1
259.620776,-1.589531,0.0,0,1
258.558873,-1.658235,0.0,0,1
257.489866,-1.717063,0.0,0,1
256.416823,-1.767455,0.0,0,1
255.342218,-1.810592,0.0,0,1
254.268051,-1.847453,0.0,0,1
253.195925,-1.878863,0.0,0,1
251.63,-2.03,0.0,0,1
250.63,-2.03,0.0,0,1
249.63,-2.03,0.0,0,1
248.63,-2.03,0.0,0,1
247.63,-2.03,0.0,0,1
246.63,-2.03,0.0,0,1
245.63,-2.03,0.0,0,1
244.63,-2.03,0.0,0,1
243.63,-2.03,0.0,0,1
242.63,-2.04,0.0,0,1
241.63,-2.04,0.0,0,1
240.63,-2.04,0.0,0,1
239.63,-2.04,0.0,0,1
238.63,-2.04,0.0,0,1
237.63,-2.04,0.0,0,1
236.63,-2.04,0.0,0,1
235.63,-2.04,0.0,0,1
234.63,-2.04,0.0,0,1
233.63,-2.04,0.0,0,1
232.63,-2.04,0.0,0,1
231.63,-2.04,0.0,0,1
230.63,-2.04,0.0,0,1
229.63,-2.04,0.0,0,1
228.63,-2.04,0.0,0,1
227.63,-2.04,0.0,0,1
226.63,-2.04,0.0,0,1
225.63,-2.04,0.0,0,1
224.63,-2.04,0.0,0,1
223.63,-2.04,0.0,0,1
222.63,-2.04,0.0,0,1
221.63,-2.04,0.0,0,1
220.63,-2.04,0.0,0,1
219.63,-2.04,0.0,0,1
218.63,-2.04,0.0,0,1
217.63,-2.04,0.0,0,1
216.63,-2.04,0.0,0,1
215.63,-2.04,0.0,0,1
214.63,-2.04,0.0,0,1
213.63,-2.04,0.0,0,1
212.63,-2.04,0.0,0,1
211.63,-2.04,0.0,0,1
210.63,-2.04,0.0,0,1
209.63,-2.04,0.0,0,1
208.63,-2.04,0.0,0,1
207.63,-2.04,0.0,0,1
206.63,-2.04,0.0,0,1
205.63,-2.04,0.0,0,1
204.63,-2.04,0.0,0,1
203.63,-2.04,0.0,0,1
202.63,-2.04,0.0,0,1
201.63,-2.04,0.0,0,1
200.63,-2.04,0.0,0,1
199.63,-2.04,0.0,0,1
198.63,-2.04,0.0,0,1
197.63,-2.04,0.0,0,1
196.63,-2.04,0.0,0,1
195.63,-2.04,0.0,0,1
194.63,-2.04,0.0,0,1
193.63,-2.04,0.0,0,1
192.63,-2.04,0.0,0,1
191.63,-2.04,0.0,0,1
190.63,-2.04,0.0,0,1
189.63,-2.04,0.0,0,1
188.63,-2.04,0.0,0,1
187.63,-2.04,0.0,0,1
186.63,-2.04,0.0,0,1
185.63,-2.04,0.0,0,1
184.63,-2.04,0.0,0,1
183.63,-2.04,0.0,0,1
182.63,-2.04,0.0,0,1
181.63,-2.04,0.0,0,1
180.63,-2.04,0.0,0,1
179.63,-2.04,0.0,0,1
178.63,-2.04,0.0,0,1
177.63,-2.04,0.0,0,1
176.63,-2.04,0.0,0,1
175.63,-2.04,0.0,0,1
174.63,-2.04,0.0,0,1
173.63,-2.04,0.0,0,1
172.63,-2.04,0.0,0,1
171.63,-2.04,0.0,0,1
170.63,-2.04,0.0,0,1
169.63,-2.04,0.0,0,1
168.08,-2.04,0.0,0,1
168.08,-2.04,0.0,0,1
167.08,-2.04,0.0,0,1
166.08,-2.04,0.0,0,1
165.08,-2.04,0.0,0,1
164.08,-2.04,0.0,0,1
163.04,-2.04,0.0,0,1
161.76,-1.92,0.0,0,1
160.51,-1.62,0.0,0,1
159.31,-1.14,0.0,0,1
158.2,-0.49,0.0,0,0
157.19,0.31,0.0,0,0
156.31,1.23,0.0,0,0
155.58,2.25,0.0,0,0
154.98,3.35,0.0,0,0
154.52,4.52,0.0,0,0
154.22,5.74,0.0,0,0
154.08,6.99,0.0,0,0
154.07,8.09,0.0,0,0
154.07,9.09,0.0,0,0
154.07,11.02,0.0,0,0
154.07,11.02,0.0,0,0
154.07,12.02,0.0,0,0
154.06,13.02,0.0,0,0
154.06,14.02,0.0,0,0
154.06,15.02,0.0,0,0
154.06,16.02,0.0,0,0
154.06,17.02,0.0,0,0
154.06,18.02,0.0,0,0
154.06,19.02,0.0,0,0
154.06,20.02,0.0,0,0
154.05,21.02,0.0,0,0
154.05,22.02,0.0,0,0
154.05,23.02,0.0,0,0
154.05,24.02,0.0,0,0
154.05,25.02,0.0,0,0
154.05,26.02,0.0,0,0
154.05,27.02,0.0,0,0
154.05,28.02,0.0,0,0
154.04,29.02,0.0,0,0
154.04,30.02,0.0,0,0
154.04,31.02,0.0,0,0
154.04,32.02,0.0,0,0
154.04,33.02,0.0,0,0
154.04,34.02,0.0,0,0
154.04,35.02,0.0,0,0
154.04,36.02,0.0,0,0
154.03,37.02,0.0,0,0
154.03,38.02,0.0,0,0
154.03,39.02,0.0,0,0
154.03,40.02,0.0,0,0
154.03,41.02,0.0,0,0
154.03,42.02,0.0,0,0
154.03,43.02,0.0,0,0
154.03,44.02,0.0,0,0
154.03,45.02,0.0,0,0
154.02,46.2,0.0,0,0
154.02,46.2,0.0,0,0
154.02,47.2,0.0,0,0
154.02,48.2,0.0,0,0
154.02,49.2,0.0,0,0
153.98,49.97,0.0,0,0
153.85,50.72,0.0,0,0
153.63,51.44,0.0,0,0
153.32,52.13,0.0,0,0
152.94,52.78,0.0,0,0
152.47,53.38,0.0,0,0
151.94,53.92,0.0,0,0
151.34,54.38,0.0,0,0
150.7,54.78,0.0,0,0
150.01,55.09,0.0,0,0
149.29,55.31,0.0,0,0
148.54,55.45,0.0,0,0
147.78,55.49,0.0,0,0
146.78,55.49,0.0,0,0
144.99,55.49,0.0,0,0
144.99,55.49,0.0,0,0
143.99,55.49,0.0,0,0
142.99,55.49,0.0,0,0
141.99,55.49,0.0,0,0
140.99,55.49,0.0,0,0
139.99,55.49,0.0,0,0
138.99,55.49,0.0,0,0
137.99,55.49,0.0,0,0
136.99,55.49,0.0,0,0
135.99,55.49,0.0,0,0
134.99,55.49,0.0,0,0
133.99,55.49,0.0,0,0
132.99,55.49,0.0,0,0
131.99,55.49,0.0,0,0
130.99,55.5,0.0,0,0
129.99,55.5,0.0,0,0
128.99,55.5,0.0,0,0
127.99,55.5,0.0,0,0
126.99,55.5,0.0,0,0
125.99,55.5,0.0,0,0
124.99,55.5,0.0,0,0
123.99,55.5,0.0,0,0
121.99,55.5,0.0,0,0
120.99,55.5,0.0,0,0
119.99,55.5,0.0,0,0
118.99,55.5,0.0,0,0
117.99,55.5,0.0,0,0
116.99,55.5,0.0,0,0
115.99,55.5,0.0,0,0
114.99,55.5,0.0,0,0
113.99,55.5,0.0,0,0
112.99,55.5,0.0,0,0
111.99,55.5,0.0,0,0
110.99,55.5,0.0,0,0
109.99,55.5,0.0,0,0
108.99,55.5,0.0,0,0
107.99,55.5,0.0,0,0
106.99,55.5,0.0,0,0
105.99,55.5,0.0,0,0
104.99,55.5,0.0,0,0
103.99,55.5,0.0,0,0
102.99,55.5,0.0,0,0
101.39,55.5,0.0,0,0
101.39,55.5,0.0,0,0
100.39,55.5,0.0,0,0
99.39,55.5,0.0,0,0
98.28,55.52,0.0,0,0
97.06,55.65,0.0,0,0
95.87,55.93,0.0,0,0
94.71,56.34,0.0,0,0
93.61,56.87,0.0,0,0
92.57,57.53,0.0,0,0
91.62,58.3,0.0,0,0
90.75,59.2,0.0,0,0
89.99,60.21,0.0,0,0
89.38,61.3,0.0,0,0
88.9,62.45,0.0,0,0
88.57,63.66,0.0,0,0
88.41,64.91,0.0,0,0
88.38,66.05,0.0,0,0
88.38,67.05,0.0,0,0
88.38,68.15,0.0,0,0
88.38,68.15,0.0,0,0
88.38,69.15,0.0,0,0
88.504876,70.653642,0.0,1,0
88.531586,71.722949,0.0,0,0
88.563049,72.795477,0.0,0,0
88.59998,73.869956,0.0,0,0
88.643219,74.94476,0.0,0,0
88.693766,76.01786,0.0,0,0
88.752834,77.086747,0.0,0,0
88.821913,78.148311,0.0,0,0
88.902839,79.19862,0.0,0,0
88.997833,80.232559,0.0,0,0
89.109412,81.243206,0.0,0,0
89.239909,82.220853,0.0,0,0
89.389966,83.151755,0.0,0,0
89.554785,84.017498,0.0,0,0
89.717014,84.798441,0.0,0,0
89.878264,86.117209,0.0,0,0
89.824277,86.752354,0.0,0,0
89.692035,87.456243,0.0,0,0
89.527952,88.252069,0.0,0,0
89.365315,89.129566,0.0,0,0
89.218743,90.068792,0.0,0,0
89.091731,91.05214,0.0,0,0
88.983196,92.066685,0.0,0,0
88.890734,93.103303,0.0,0,0
88.81188,94.15545,0.0,0,0
88.744495,95.218251,0.0,0,0
88.686817,96.287931,0.0,0,0
88.637419,97.361485,0.0,0,0
88.604636,98.43633,0.0,0,0
88.568584,99.510828,0.0,0,0
88.537864,100.583211,0.0,0,0
88.39,102.15,0.0,0,0
88.39,103.15,0.0,0,0
88.39,104.15,0.0,0,0
88.39,105.15,0.0,0,0
88.39,106.15,0.0,0,0
88.39,107.15,0.0,0,0
88.39,108.15,0.0,0,0
88.39,109.15,0.0,0,0
88.39,110.15,0.0,0,0
88.39,111.15,0.0,0,0
88.39,112.15,0.0,0,0
88.39,113.15,0.0,0,0
88.39,114.15,0.0,0,0
88.39,115.15,0.0,0,0
88.39,116.15,0.0,0,0
88.39,117.15,0.0,0,0
88.39,118.15,0.0,0,0
88.39,119.84,0.0,0,0
88.39,119.84,0.0,0,0
88.39,120.84,0.0,0,0
88.39,121.84,0.0,0,0
88.39,122.84,0.0,0,0
88.39,123.84,0.0,0,0
88.39,124.84,0.0,0,0
88.39,125.84,0.0,0,0
88.39,126.84,0.0,0,0
88.39,127.84,0.0,0,0
88.39,128.84,0.0,0,0
88.39,129.84,0.0,0,0
88.39,130.84,0.0,0,0
88.39,131.84,0.0,0,0
88.39,132.84,0.0,0,0
88.39,133.84,0.0,0,0
88.39,134.84,0.0,0,0
88.39,135.84,0.0,0,0
88.39,136.84,0.0,0,0
88.39,137.84,0.0,0,0
88.39,138.84,0.0,0,0
88.39,139.84,0.0,0,0
88.39,141.84,0.0,0,0
88.39,141.84,0.0,0,0
88.39,142.84,0.0,0,0
88.39,143.84,0.0,0,0
88.39,144.84,0.0,0,0
88.39,145.84,0.0,0,0
88.39,146.84,0.0,0,0
88.39,147.84,0.0,0,0
88.39,148.84,0.0,0,0
88.39,149.84,0.0,0,0
88.39,150.84,0.0,0,0
88.39,151.84,0.0,0,0
88.39,152.84,0.0,0,0
88.39,153.84,0.0,0,0
88.39,154.84,0.0,0,0
88.39,155.84,0.0,0,0
88.39,156.84,0.0,0,0
88.39,157.84,0.0,0,0
88.39,158.84,0.0,0,0
88.39,159.84,0.0,0,0
88.39,160.84,0.0,0,0
88.39,161.84,0.0,0,0
88.39,162.84,0.0,0,0
88.39,163.84,0.0,0,0
88.4,164.84,0.0,0,0
88.4,165.84,0.0,0,0
88.4,166.84,0.0,0,0
88.4,167.84,0.0,0,0
88.4,168.84,0.0,0,0
88.4,169.84,0.0,0,0
88.4,170.84,0.0,0,0
88.4,171.84,0.0,0,0
88.4,172.84,0.0,0,0
88.4,173.84,0.0,0,0
88.4,174.84,0.0,0,0
88.4,175.84,0.0,0,0
88.4,176.84,0.0,0,0
88.4,177.84,0.0,0,0
88.4,178.84,0.0,0,0
88.4,179.84,0.0,0,0
88.4,180.84,0.0,0,0
88.4,181.84,0.0,0,0
88.4,182.84,0.0,0,0
88.4,183.84,0.0,0,0
88.4,184.84,0.0,0,0
88.4,186.33,0.0,0,0
88.4,186.33,0.0,0,0
88.4,187.33,0.0,0,0
88.4,188.33,0.0,0,0
88.4,189.39,0.0,0,0
88.51,190.63,0.0,0,0
88.78,191.85,0.0,0,0
89.19,193.02,0.0,0,0
89.75,194.14,0.0,0,0
90.44,195.18,0.0,0,0
91.25,196.13,0.0,0,0
92.17,196.97,0.0,0,0
93.2,197.68,0.0,0,0
94.3,198.27,0.0,0,0
95.48,198.71,0.0,0,0
96.69,199.0,0.0,0,0
97.94,199.13,0.0,0,0
99.03,199.14,0.0,0,0
100.03,199.14,0.0,0,0
101.42,199.14,0.0,0,0
101.42,199.14,0.0,0,0
102.42,199.14,0.0,0,0
103.42,199.14,0.0,0,0
104.42,199.14,0.0,0,0
105.42,199.14,0.0,0,0
106.42,199.14,0.0,0,0
107.42,199.14,0.0,0,0
108.42,199.14,0.0,0,0
109.42,199.14,0.0,0,0
110.42,199.14,0.0,0,0
111.42,199.14,0.0,0,0
112.42,199.14,0.0,0,0
113.42,199.14,0.0,0,0
114.42,199.14,0.0,0,0
115.42,199.14,0.0,0,0
116.42,199.14,0.0,0,0
117.42,199.14,0.0,0,0
118.42,199.14,0.0,0,0
119.42,199.14,0.0,0,0
120.42,199.14,0.0,0,0
121.42,199.14,0.0,0,0
122.42,199.14,0.0,0,0
123.42,199.14,0.0,0,0
124.42,199.14,0.0,0,0
125.42,199.14,0.0,0,0
126.42,199.14,0.0,0,0
127.42,199.14,0.0,0,0
128.42,199.14,0.0,0,0
129.42,199.14,0.0,0,0
130.42,199.14,0.0,0,0
131.42,199.14,0.0,0,0
132.42,199.14,0.0,0,0
133.42,199.14,0.0,0,0
134.42,199.14,0.0,0,0
135.42,199.14,0.0,0,0
136.42,199.14,0.0,0,0
137.42,199.14,0.0,0,0
138.42,199.14,0.0,0,0
139.42,199.14,0.0,0,0
140.42,199.14,0.0,0,0
141.42,199.14,0.0,0,0
142.42,199.14,0.0,0,0
143.42,199.14,0.0,0,0
144.42,199.14,0.0,0,0
145.42,199.14,0.0,0,0
146.42,199.14,0.0,0,0
147.42,199.14,0.0,0,0
148.42,199.14,0.0,0,0
149.42,199.14,0.0,0,0
150.42,199.14,0.0,0,0
151.42,199.14,0.0,0,0
152.42,199.15,0.0,0,0
153.42,199.15,0.0,0,0
154.42,199.15,0.0,0,0
155.42,199.15,0.0,0,0
156.42,199.15,0.0,0,0
157.42,199.15,0.0,0,0
158.42,199.15,0.0,0,0
159.42,199.15,0.0,0,0
160.42,199.15,0.0,0,0
161.42,199.15,0.0,0,0
162.42,199.15,0.0,0,0
163.42,199.15,0.0,0,0
164.42,199.15,0.0,0,0
165.42,199.15,0.0,0,0
166.42,199.15,0.0,0,0
167.42,199.15,0.0,0,0
168.42,199.15,0.0,0,0
169.42,199.15,0.0,0,0
170.42,199.15,0.0,0,0
171.42,199.15,0.0,0,0
172.42,199.15,0.0,0,0
173.42,199.15,0.0,0,0
174.42,199.15,0.0,0,0
175.42,199.15,0.0,0,0
176.42,199.15,0.0,0,0
177.42,199.15,0.0,0,0
178.42,199.15,0.0,0,0
179.42,199.15,0.0,0,0
180.42,199.15,0.0,0,0
181.42,199.15,0.0,0,0
182.42,199.15,0.0,0,0
183.42,199.15,0.0,0,0
